Date,Open,High,Low,Close,Adj Close,Volume,Ticker
2024-01-02,185.2257618242656,186.50250680575422,181.99928581163158,183.73129272460938,183.73129272460938,82488700,AAPL
2024-01-03,182.32590048043423,183.96883642924203,181.5440145919006,182.3555908203125,182.3555908203125,58414500,AAPL
2024-01-04,180.2771650380176,181.20750256721809,179.02023379077144,180.03964233398438,180.03964233398438,71983600,AAPL
2024-01-05,180.11885376441708,180.88092604513352,178.31755906038765,179.31716918945312,179.31716918945312,62379700,AAPL
2024-01-08,180.21780632812883,183.6917273170526,179.63387614033877,183.65213012695312,183.65213012695312,59144500,AAPL
2024-01-09,182.0289774717032,183.24632668227045,180.8512103460259,183.23643493652344,183.23643493652344,42841800,AAPL
2024-01-10,182.45457200324566,184.48348240733844,182.02898528742006,184.27565002441406,184.27565002441406,46792900,AAPL
2024-01-11,184.6220377994394,185.12680377786887,181.73206228896322,183.6818084716797,183.6818084716797,49128400,AAPL
2024-01-12,184.14698280822722,184.8199990991005,183.28593272766105,184.0084228515625,184.0084228515625,40477800,AAPL
2024-01-16,180.28710192352952,182.3655014396163,179.06973745492456,181.7419891357422,181.7419891357422,65603000,AAPL
2024-01-17,179.40625114511818,181.04917214343425,178.44622312883942,180.80174255371094,180.80174255371094,47317400,AAPL
2024-01-18,184.17668914088887,187.1953332109462,183.9193677995691,186.69058227539062,186.69058227539062,78005800,AAPL
2024-01-19,187.38337121910467,189.97642838325277,186.8786203129096,189.59043884277344,189.59043884277344,68903000,AAPL
2024-01-22,190.32283587135973,193.32168117146784,190.2832386815117,191.896484375,191.896484375,60133900,AAPL
2024-01-23,193.01485907067706,193.7373491711095,191.83709192633378,193.17320251464844,193.17320251464844,42355600,AAPL
2024-01-24,193.41075266703035,194.36088890095834,192.34185506707502,192.50021362304688,192.50021362304688,53631300,AAPL
2024-01-25,193.21282181305796,194.2520291241628,191.1245154438125,192.17361450195312,192.17361450195312,54822100,AAPL
2024-01-26,192.2725896171282,192.75754194727924,189.9665440310004,190.4416046142578,190.4416046142578,44594000,AAPL
2024-01-29,190.03581744325376,190.22386634852867,187.63080907007364,189.75869750976562,189.75869750976562,47145600,AAPL
2024-01-30,188.97683613469175,189.82799457367844,185.54251203451676,186.1066436767578,186.1066436767578,55859400,AAPL
2024-01-31,185.11688373962707,185.1762795166647,182.45455449229945,182.5040283203125,182.5040283203125,55467800,AAPL
2024-02-01,182.0982797244824,185.02783750412453,181.93002942176474,184.9387664794922,184.9387664794922,64885400,AAPL
2024-02-02,178.01071526218476,185.40391139136472,177.4069865588012,183.9391326904297,183.9391326904297,102551700,AAPL
2024-02-05,186.21548923655902,187.30418539055444,183.9292424150712,185.7503204345703,185.7503204345703,69668800,AAPL
2024-02-06,184.93876832266957,187.36357521832525,184.8496972971495,187.3536834716797,187.3536834716797,43490800,AAPL
2024-02-07,188.67988890685803,189.08567701882757,186.6707620426896,187.46253967285156,187.46253967285156,53439000,AAPL
2024-02-08,187.44274927884152,187.59120098390878,185.42373058041275,186.38375854492188,186.38375854492188,40962000,AAPL
2024-02-09,186.9486117161699,188.27653811843788,186.30447993507684,187.14682006835938,187.14682006835938,45155200,AAPL
2024-02-12,186.72067805809255,186.96842336096995,185.1053738445565,185.46212768554688,185.46212768554688,41781900,AAPL
2024-02-13,184.094566630165,184.53060074172208,181.85493962465304,183.3711395263672,183.3711395263672,56529500,AAPL
2024-02-14,183.64864282656313,183.85674041023526,180.79461213824646,182.4891815185547,182.4891815185547,54630500,AAPL
2024-02-15,181.8946109768474,182.82613576875198,179.71445525689393,182.20181274414062,182.20181274414062,65434500,AAPL
2024-02-16,181.76577652013776,183.18288755084293,180.03155935687485,180.66578674316406,180.66578674316406,49752500,AAPL
2024-02-20,180.15048310961222,180.78471053407532,178.3766332434525,179.9225616455078,179.9225616455078,53665600,AAPL
2024-02-21,180.2991272502037,181.24055639365764,179.03067248659073,180.6757049560547,180.6757049560547,41371400,AAPL
2024-02-22,181.82524161821627,183.29190480468338,180.81445159653885,182.70721435546875,182.70721435546875,52292200,AAPL
2024-02-23,183.34141952676862,183.37114775196545,180.58649310326592,180.87388610839844,180.87388610839844,45119700,AAPL
2024-02-26,180.59641504961763,181.11171437415507,179.0207434868858,179.52615356445312,179.52615356445312,40867400,AAPL
2024-02-27,179.46671005654383,182.26126931281985,177.94059046680667,180.98291015625,180.98291015625,54318900,AAPL
2024-02-28,180.86399474191828,181.4684939502017,178.50546948959806,179.78382873535156,179.78382873535156,48953900,AAPL
2024-02-29,179.63517226295397,180.92345088953732,177.9108594746495,179.11985778808594,179.11985778808594,136682600,AAPL
2024-03-01,177.93067957222544,178.90183692569335,175.78025215753124,178.03968811035156,178.03968811035156,73563100,AAPL
2024-03-04,174.56134649455421,175.30458245485661,172.2226300679557,173.5208282470703,173.5208282470703,81510100,AAPL
2024-03-05,169.21992063394748,170.48837518309247,168.09020282857864,168.585693359375,168.585693359375,95132400,AAPL
2024-03-06,169.5172632726602,169.69564777442116,167.1587228770791,167.59475708007812,167.59475708007812,68587700,AAPL
2024-03-07,167.62447121611535,169.1902233947002,166.97043508778398,167.475830078125,167.475830078125,71765100,AAPL
2024-03-08,167.4758228221548,172.13343143853632,167.41636636953461,169.19021606445312,169.19021606445312,76267000,AAPL
2024-03-11,171.38030546468005,172.80732093128213,170.49833272784605,171.1920166015625,171.1920166015625,60139500,AAPL
2024-03-12,171.58839851794536,172.4604668624585,169.4676992338398,171.6676788330078,171.6676788330078,59825400,AAPL
2024-03-13,171.21181736641944,171.6280276345068,169.21993557914925,169.58660888671875,169.58660888671875,52488700,AAPL
2024-03-14,171.35055836544484,172.73792596009017,170.49831395125625,171.4397430419922,171.4397430419922,72913500,AAPL
2024-03-15,169.6262667891251,171.0631866455078,168.75419840900892,171.0631866455078,171.0631866455078,121752700,AAPL
2024-03-18,173.98659600973463,176.1072954101753,171.95508129819135,172.1532745361328,172.1532745361328,75604200,AAPL
2024-03-19,172.76766112194616,175.01719271038215,171.46947815172825,174.49197387695312,174.49197387695312,55215200,AAPL
2024-03-20,174.1352174960067,177.05860900878906,173.51089450186836,177.05860900878906,177.05860900878906,53423100,AAPL
2024-03-21,175.4532130863986,175.88924720546055,169.2992135808601,169.82443237304688,169.82443237304688,106181300,AAPL
2024-03-22,170.21092760104455,171.48930183291895,168.52626256417108,170.7262420654297,170.7262420654297,71160100,AAPL
2024-03-25,169.03166954174233,170.3893089389317,167.92176032191367,169.30914306640625,169.30914306640625,54288300,AAPL
2024-03-26,168.4668365684045,169.87402832990531,168.0506261984825,168.17945861816406,168.17945861816406,57388400,AAPL
2024-03-27,168.87310882923745,172.0343412561863,168.575811446925,171.7469482421875,171.7469482421875,60273300,AAPL
2024-03-28,170.20102558587905,170.67669234048742,168.97220342186947,169.93345642089844,169.93345642089844,65672700,AAPL
2024-04-01,169.6460781034487,169.70553455748254,167.9514935576168,168.4965362548828,168.4965362548828,46240500,AAPL
2024-04-02,167.55510167176752,167.81275133793278,166.71276161053132,167.3172607421875,167.3172607421875,49329500,AAPL
2024-04-03,167.2677201117247,169.14067408704202,167.05962251511946,168.11996459960938,168.11996459960938,47691700,AAPL
2024-04-04,168.7541832986243,170.3694875068381,167.29745483398438,167.29745483398438,167.29745483398438,53704400,AAPL
2024-04-05,168.06050251317026,168.85329051832247,167.42627513328318,168.05059814453125,168.05059814453125,42104800,AAPL
2024-04-08,167.50555706407098,167.67402205960258,166.72268854116854,166.9307861328125,166.9307861328125,37425500,AAPL
2024-04-09,167.17853275073267,168.5460917055098,166.83169838821917,168.13978576660156,168.13978576660156,42373800,AAPL
2024-04-10,167.27763553824258,167.5650134431552,165.60287483124418,166.26683044433594,166.26683044433594,49709300,AAPL
2024-04-11,166.82180755716914,173.87760550528196,166.64343816086352,173.4613800048828,173.4613800048828,91070300,AAPL
2024-04-12,172.68839280877705,176.7514221146486,172.63885584160187,174.95774841308594,174.95774841308594,101670900,AAPL
2024-04-15,173.77847120218846,175.0370216134587,170.94426424521788,171.13255310058594,171.13255310058594,73531800,AAPL
2024-04-16,170.20103782824683,172.1929047923956,166.75242714722782,167.8524169921875,167.8524169921875,73711200,AAPL
2024-04-17,168.08031301583728,169.1109267558204,166.48483276367188,166.48483276367188,166.48483276367188,50901200,AAPL
2024-04-18,166.51456987389489,167.11906901091456,165.0479219314042,165.5334930419922,165.5334930419922,43122900,AAPL
2024-04-19,164.7109957890585,164.89926951971245,162.6002009445124,163.51190185546875,163.51190185546875,68149400,AAPL
2024-04-22,164.0272084619306,165.75150603037284,163.28397258003716,164.3443145751953,164.3443145751953,48116400,AAPL
2024-04-23,163.8587664496344,165.54343166054898,163.4326366212621,165.394775390625,165.394775390625,49537800,AAPL
2024-04-24,165.03800691456527,167.77312477902248,164.71099641624178,167.4956512451172,167.4956512451172,48251800,AAPL
2024-04-25,168.00106471763377,169.07132637527934,166.63350563489078,168.35781860351562,168.35781860351562,50558300,AAPL
2024-04-26,168.34790327634968,169.79472746518425,167.65420428921547,167.77313232421875,167.77313232421875,44838400,AAPL
2024-04-29,171.80640930182136,174.44242297655094,171.53885525962073,171.93524169921875,171.93524169921875,68169400,AAPL
2024-04-30,171.76676673002254,173.4117990890393,168.46679764398493,168.7938232421875,168.7938232421875,65934800,AAPL
2024-05-01,168.05060587060277,171.1523820898212,167.58484346320657,167.77313232421875,167.77313232421875,50383100,AAPL
2024-05-02,170.95416794412498,171.8559644998941,169.34878317714927,171.469482421875,171.469482421875,94214900,AAPL
2024-05-03,184.9666328542693,185.31348231884328,181.01262758822543,181.72613525390625,181.72613525390625,163224100,AAPL
2024-05-06,180.70544017490002,182.53874644704828,178.79283846563771,180.0712127685547,180.0712127685547,78569700,AAPL
2024-05-07,181.79553839760618,183.23245843176102,179.68475825630202,180.7550048828125,180.7550048828125,77305800,AAPL
2024-05-08,181.20092748758523,181.4189445721307,179.81354466582562,181.0919189453125,181.0919189453125,45057100,AAPL
2024-05-09,180.91352883975787,182.99459544718977,180.4675903156434,182.90541076660156,182.90541076660156,48983000,AAPL
2024-05-10,183.48094965782863,183.66949389545601,180.7322193628195,181.64515686035156,181.64515686035156,50759500,AAPL
2024-05-13,184.01682262141375,185.6640864017181,183.20310853414878,184.85037231445312,184.85037231445312,72044800,AAPL
2024-05-14,186.07090395104018,186.85484938535834,184.86026592315986,185.99151611328125,185.99151611328125,52393600,AAPL
2024-05-15,186.46784026394417,189.18680174226395,185.93197615275656,188.26394653320312,188.26394653320312,70400000,AAPL
2024-05-16,189.00821119957226,189.6333810173086,188.2044300863017,188.38304138183594,188.38304138183594,52845200,AAPL
2024-05-17,188.0555735439889,189.34559954047234,187.72810435814964,188.41281127929688,188.41281127929688,41282900,AAPL
2024-05-20,187.87698445206195,190.4471038045087,187.55943303128691,189.5738525390625,189.5738525390625,44361300,AAPL
2024-05-21,189.62347003417347,191.2508831959236,189.4547765216263,190.87380981445312,190.87380981445312,42309400,AAPL
2024-05-22,190.79440205142186,191.3401840301744,188.8097513226368,189.43490600585938,189.43490600585938,34648500,AAPL
2024-05-23,189.51429520164533,189.5341459487459,185.19768892080702,185.44577026367188,185.44577026367188,51005900,AAPL
2024-05-24,187.37088671578107,189.11737394472448,186.59685898409072,188.52197265625,188.52197265625,36327000,AAPL
2024-05-28,190.04022981736387,191.51880009814326,187.64873713728954,188.5319061279297,188.5319061279297,52280100,AAPL
2024-05-29,188.15480064928906,190.7745388343773,188.05556206266323,188.82957458496094,188.82957458496094,53068000,AAPL
2024-05-30,189.29599865097472,190.70509898235173,189.16700663796175,189.82192993164062,189.82192993164062,49889100,AAPL
2024-05-31,189.9707702687458,191.09210277636024,188.45251367186646,190.77455139160156,190.77455139160156,75158300,AAPL
2024-06-03,191.41956102246726,193.49353258818425,191.04248767189634,192.5408935546875,192.5408935546875,50080500,AAPL
2024-06-04,193.14619663099631,193.82098571162214,191.54855228534223,192.85842895507812,192.85842895507812,47471400,AAPL
2024-06-05,193.90036613096368,195.38885414673365,193.3744349100596,194.36676025390625,194.36676025390625,54156800,AAPL
2024-06-06,194.1881624282746,194.99194358986873,192.679823561343,192.98744201660156,192.98744201660156,41181800,AAPL
2024-06-07,193.15610745634936,195.42854080055034,192.65002702042116,195.37892150878906,195.37892150878906,53103900,AAPL
2024-06-10,195.3888517006261,195.7857909182053,190.6753063763642,191.6378631591797,191.6378631591797,97010200,AAPL
2024-06-11,192.16378906024917,205.57011360777915,192.14395345618084,205.5601806640625,205.5601806640625,172373300,AAPL
2024-06-12,205.7784872423207,218.51002232587345,205.3120931521647,211.43475341796875,211.43475341796875,198134300,AAPL
2024-06-13,213.09194207290335,215.08651049080893,209.97604121171418,212.5957794189453,212.5957794189453,97862700,AAPL
2024-06-14,212.20877015870124,213.51863167298376,209.67833763090172,210.8592071533203,210.8592071533203,70122700,AAPL
2024-06-17,211.7324642876032,217.26964179829142,211.08745883873982,215.00714111328125,215.00714111328125,93728300,AAPL
2024-06-18,215.92007781385274,216.95210469802018,211.36530791117931,212.64540100097656,212.64540100097656,79943300,AAPL
2024-06-20,212.28815296354617,212.59578653831548,207.24715355520107,208.07077026367188,208.07077026367188,86172500,AAPL
2024-06-21,208.77535128006048,210.26383945834172,205.52052500822026,205.89761352539062,205.89761352539062,241805100,AAPL
2024-06-24,206.12582769938734,211.06760381745957,205.00449518251241,206.5426025390625,206.5426025390625,80727000,AAPL
2024-06-25,207.54485732874397,209.75775393646785,207.0090082596573,207.46548461914062,207.46548461914062,55549700,AAPL
2024-06-26,209.87680350658064,213.21101716086312,209.02340313251779,211.61337280273438,211.61337280273438,66213200,AAPL
2024-06-27,213.04234702641065,214.08429174664712,210.72030917561003,212.45687866210938,212.45687866210938,49772700,AAPL
2024-06-28,214.1140398112984,214.41174043740799,208.68601906723538,209.00355529785156,209.00355529785156,82542700,AAPL
2024-07-01,210.46227761796723,215.84067914098924,210.29358412725625,215.08651733398438,215.08651733398438,60402900,AAPL
2024-07-02,214.49110775455017,218.68865467979296,213.4491783018458,218.57949829101562,218.57949829101562,58046200,AAPL
2024-07-03,218.3115631866412,219.84967041015625,217.34900644671097,219.84967041015625,219.84967041015625,37369800,AAPL
2024-07-05,219.9489270685169,224.71209219476,219.9489270685169,224.60293579101562,224.60293579101562,60412400,AAPL
2024-07-08,225.34718574831138,226.10136279083508,221.53665960457084,226.07159423828125,226.07159423828125,59085900,AAPL
2024-07-09,226.180713251394,227.63943274976205,224.63268810415036,226.92495727539062,226.92495727539062,48076100,AAPL
2024-07-10,227.54019053238477,231.29117889263895,227.49057123987387,231.1919403076172,231.1919403076172,62627700,AAPL
2024-07-11,229.61416127735984,230.60648662367137,224.03729767642758,225.823486328125,225.823486328125,64710600,AAPL
2024-07-12,227.16311346469493,230.8545649156238,226.92494993371525,228.7706756591797,228.7706756591797,53046500,AAPL
2024-07-15,234.66509753137677,235.409341553401,231.30111515749465,232.60105895996094,232.60105895996094,62631300,AAPL
2024-07-16,233.1964793539142,234.4567369075411,230.54697223527828,233.0178680419922,233.0178680419922,43234300,AAPL
2024-07-17,227.68904591405493,229.6836295353235,224.9006141352506,227.12342834472656,227.12342834472656,57345900,AAPL
2024-07-18,228.51267855827928,228.67145424701283,220.56415801938329,222.45948791503906,222.45948791503906,66034600,AAPL
2024-07-19,223.09458131167176,225.05938116686082,221.5663918696606,222.58848571777344,222.58848571777344,49151500,AAPL
2024-07-22,225.26779139889447,226.03188622300922,221.3778775132773,222.2412109375,222.2412109375,48201800,AAPL
2024-07-23,222.64803919770813,225.19832267550643,220.97100689389265,223.2831268310547,223.2831268310547,39960300,AAPL
2024-07-24,222.2808652028311,223.07472846403482,215.4635952984219,216.86276245117188,216.86276245117188,61777600,AAPL
2024-07-25,217.2497669876539,219.1550448561193,212.9728474396388,215.82083129882812,215.82083129882812,51391200,AAPL
2024-07-26,217.02155779536062,217.80550332568987,214.35220009781358,216.28724670410156,216.28724670410156,41601300,AAPL
2024-07-29,215.29491873308154,217.61695646267233,214.0941983741811,216.56509399414062,216.56509399414062,36311800,AAPL
2024-07-30,217.50779485320817,218.63904514115285,214.46134877521007,217.12078857421875,217.12078857421875,41643800,AAPL
2024-07-31,219.7405227481965,222.10226187087767,218.93674165630796,220.3756103515625,220.3756103515625,50036300,AAPL
2024-08-01,222.64804374939,222.7572001483694,215.35446119036925,216.68417358398438,216.68417358398438,62501000,AAPL
2024-08-02,217.46809553371503,223.86860618805187,216.0391597412521,218.1726531982422,218.1726531982422,105568600,AAPL
2024-08-05,197.56203096400748,211.8614414921662,194.4957495665788,207.66390991210938,207.66390991210938,119548600,AAPL
2024-08-06,203.7243764243061,208.3783842596741,199.52684486531666,205.63955688476562,205.63955688476562,69660500,AAPL
2024-08-07,205.31212843272615,212.0004073803907,204.8060479069825,208.20973205566406,208.20973205566406,63516400,AAPL
2024-08-08,211.47448105000998,212.5561121759152,207.22732925913098,211.67294311523438,211.67294311523438,47161100,AAPL
2024-08-09,210.47221789303094,215.11629337558463,210.3432107490655,214.5804443359375,214.5804443359375,42201600,AAPL
2024-08-12,214.65990347975702,218.07744081285009,214.19296955440146,216.11036682128906,216.11036682128906,38028100,AAPL
2024-08-13,217.58072790378117,220.44193777769505,217.58072790378117,219.82598876953125,219.82598876953125,44155300,AAPL
2024-08-14,219.13055181670978,221.5744891931242,218.2662191901357,220.27304077148438,220.27304077148438,41960600,AAPL
2024-08-15,223.13425172393934,223.87935717471936,221.30624816369337,223.2534637451172,223.2534637451172,46414000,AAPL
2024-08-16,222.45869413327577,225.34970708383625,222.19045191126241,224.57479858398438,224.57479858398438,44340200,AAPL
2024-08-19,224.24692851790377,224.51517071380414,221.5844105997713,224.4158172607422,224.4158172607422,40687800,AAPL
2024-08-20,224.29662301984854,225.68748051768907,223.97870407222223,225.0317840576172,225.0317840576172,30299000,AAPL
2024-08-21,225.04172779494317,226.4921913011218,223.58131984717622,224.92250061035156,224.92250061035156,34765500,AAPL
2024-08-22,226.30343225653021,226.84984597984075,222.43881906323927,223.06471252441406,223.06471252441406,43695300,AAPL
2024-08-23,224.18732719786422,226.7306179936649,222.8660050723941,225.359619140625,225.359619140625,38677300,AAPL
2024-08-26,225.28014571740593,225.79675641202357,222.4288803537143,225.69740295410156,225.69740295410156,30602200,AAPL
2024-08-27,224.52511915345738,227.35652605602343,223.4223624308928,226.5418701171875,226.5418701171875,35934600,AAPL
2024-08-28,226.43257756563742,228.35991942602843,224.20719049274723,225.0119171142578,225.0119171142578,38052200,AAPL
2024-08-29,228.59836441740794,231.39995310375193,227.3863249726349,228.29037475585938,228.29037475585938,51906300,AAPL
2024-08-30,228.68779072729976,228.8964117856607,225.99546942021698,227.50555419921875,227.50555419921875,52990800,AAPL
2024-09-03,227.05848641015993,227.50554667965343,219.72664341730942,221.3162078857422,221.3162078857422,50190600,AAPL
2024-09-04,220.2134333758585,220.33264539565292,216.06070449558098,219.40872192382812,219.40872192382812,43840200,AAPL
2024-09-05,220.1836359939166,224.00850159902006,220.07435325324454,220.92874145507812,220.92874145507812,36615400,AAPL
2024-09-06,222.48850009081283,223.77009004470926,218.33578603187902,219.37893676757812,219.37893676757812,48423000,AAPL
2024-09-09,219.37892899374344,219.82598924771256,215.2957503769675,219.4683380126953,219.4683380126953,67180000,AAPL
2024-09-10,217.49131703149231,220.03460793809228,215.31560663834654,218.67355346679688,218.67355346679688,51591000,AAPL
2024-09-11,220.01475867053273,221.63411098197892,216.4680492147489,221.20692443847656,221.20692443847656,44587100,AAPL
2024-09-12,221.04796566036197,222.09111639532034,218.38546260882887,221.3162078857422,221.3162078857422,37455600,AAPL
2024-09-13,222.12091208096655,222.57790161811045,220.46181236980377,221.04795837402344,221.04795837402344,36766600,AAPL
2024-09-16,215.126845002842,215.80241517960704,212.52394807405793,214.90829467773438,214.90829467773438,59357400,AAPL
2024-09-17,214.3419921866889,215.48448109873988,213.10014982176025,215.3751983642578,215.3751983642578,45519300,AAPL
2024-09-18,216.1302484418979,221.2565773677011,216.12030400107497,219.249755859375,219.249755859375,59894900,AAPL
2024-09-19,223.52171975466862,228.32020097310811,223.16406850984052,227.3763885498047,227.3763885498047,66781300,AAPL
2024-09-20,228.46919216926284,231.56882586153637,226.13452245924367,226.7107391357422,226.7107391357422,318679900,AAPL
2024-09-23,225.8563676699032,227.95259834339626,224.33635371548323,224.99205017089844,224.99205017089844,54146000,AAPL
2024-09-24,227.15779954496355,227.8532433973514,224.2568575968381,225.8861541748047,225.8861541748047,43556100,AAPL
2024-09-25,223.462095237407,225.80669443859438,222.55804543582803,224.8927001953125,224.8927001953125,42308700,AAPL
2024-09-26,225.81665178414175,227.00881759745033,223.9389864593978,226.03521728515625,226.03521728515625,36636700,AAPL
2024-09-27,226.9690618971705,228.02214184296878,225.8166284941723,226.3034210205078,226.3034210205078,34026000,AAPL
2024-09-30,228.53875664504176,231.4794464111328,228.15130238402674,231.4794464111328,231.4794464111328,54541900,AAPL
2024-10-01,228.02214574584622,228.15128705136544,222.2798675150603,224.73374938964844,224.73374938964844,63285000,AAPL
2024-10-02,224.41584231153624,225.8861795938886,221.56457676904253,225.30003356933594,225.30003356933594,32880600,AAPL
2024-10-03,223.67072564154154,225.3298253274289,221.8626109260752,224.197265625,224.197265625,34044200,AAPL
2024-10-04,226.41269745663615,226.51205091107013,222.66731173997377,225.31988525390625,225.31988525390625,37245100,AAPL
2024-10-07,223.0348997045567,224.21713611955545,219.885589131397,220.2432403564453,220.2432403564453,39505400,AAPL
2024-10-08,222.83622285599392,224.50525191173782,221.79307211654884,224.296630859375,224.296630859375,31855700,AAPL
2024-10-09,223.7601370790405,228.25064364916537,223.36275355639287,228.04200744628906,228.04200744628906,33591100,AAPL
2024-10-10,226.29350107451606,228.00227752622936,225.68748134269669,227.54527282714844,227.54527282714844,28183500,AAPL
2024-10-11,227.80358186995707,227.91286461183438,225.85636623992795,226.06500244140625,226.06500244140625,31759200,AAPL
2024-10-14,227.2075041009655,230.21772915238438,227.1081657950345,229.79054260253906,229.79054260253906,39882100,AAPL
2024-10-15,232.08545910083197,235.9401430278398,230.85354589755886,232.3238983154297,232.3238983154297,64751400,AAPL
2024-10-16,230.0885464878877,230.60514196799298,228.34002283458457,230.26736450195312,230.26736450195312,34082200,AAPL
2024-10-17,231.9066400773438,232.32391251820164,229.0156421145612,230.63499450683594,230.63499450683594,32993800,AAPL
2024-10-18,234.6386615701971,234.6386615701971,232.4828249974097,233.46636962890625,233.46636962890625,46431500,AAPL
2024-10-21,232.9199708414818,235.30431748145634,232.9199708414818,234.9367218017578,234.9367218017578,36254500,AAPL
2024-10-22,232.36362533760988,234.67842149785605,231.0820505913223,234.32077026367188,234.32077026367188,38846600,AAPL
2024-10-23,232.55238437433343,233.60546433739609,226.27362172475395,229.25404357910156,229.25404357910156,52287000,AAPL
2024-10-24,228.4791312160334,229.31366084202813,226.91938502162782,229.06529235839844,229.06529235839844,31109500,AAPL
2024-10-25,228.24072625952675,231.69801159617745,228.07183749564092,229.8998260498047,229.8998260498047,38802300,AAPL
2024-10-28,231.7973512193415,233.19813797949908,231.032372026897,231.87681579589844,231.87681579589844,36087100,AAPL
2024-10-29,231.57877779482254,232.80074647701065,230.80386934668286,232.14505004882812,232.14505004882812,35417200,AAPL
2024-10-30,231.0919876952183,231.9463759413976,228.05195968136482,228.59837341308594,228.59837341308594,47070900,AAPL
2024-10-31,227.84332326136388,228.33013097812315,223.89923027313517,224.4357147216797,224.4357147216797,64370100,AAPL
2024-11-01,219.52794977327943,223.87937072005496,218.83252100898451,221.45529174804688,221.45529174804688,65276700,AAPL
2024-11-04,219.5478246614517,221.33606573362852,218.27617915451208,220.5611572265625,220.5611572265625,44944500,AAPL
2024-11-05,220.35251908634842,222.4884819564664,219.6968226591573,221.9917449951172,221.9917449951172,28111300,AAPL
2024-11-06,221.15724252476647,224.5946691536601,219.74651129717958,221.2665252685547,221.2665252685547,54561100,AAPL
2024-11-07,223.16406118155706,226.39285156162418,223.10445516924474,225.99545288085938,225.99545288085938,42137700,AAPL
2024-11-08,225.9357792784742,227.4176895436531,225.17991383614745,225.7269287109375,225.7269287109375,38328800,AAPL
2024-11-11,223.77757009002366,224.47376393957063,220.29658566640109,223.01174926757812,223.01174926757812,42005600,AAPL
2024-11-12,223.33001798502116,224.36436096493557,222.14648085284745,223.01174926757812,223.01174926757812,40398300,AAPL
2024-11-13,222.79294167641658,225.4185978724207,221.54973296285615,223.89691162109375,223.89691162109375,48566200,AAPL
2024-11-14,223.79747584076947,227.62654977508777,223.77758025105393,226.98008728027344,226.98008728027344,44923900,AAPL
2024-11-15,225.1699449930133,225.6871240415238,223.05152776948486,223.77755737304688,223.77755737304688,47923700,AAPL
2024-11-18,224.0262188410909,228.49183017609323,223.94665165924164,226.7811737060547,226.7811737060547,44633700,AAPL
2024-11-19,225.7467938634959,228.90952454109907,225.42854034251505,227.03973388671875,227.03973388671875,36211800,AAPL
2024-11-20,226.82094870348703,228.68078414631773,224.6627401240164,227.75584411621094,227.75584411621094,35169600,AAPL
2024-11-21,227.63651765548505,228.90956230117874,224.4837418395179,227.27847290039062,227.27847290039062,42108300,AAPL
2024-11-22,226.82093004738374,229.46648170496493,226.82093004738374,228.62109375,228.62109375,38168300,AAPL
2024-11-25,230.2024695182051,231.982737654973,228.4918131754458,231.60479736328125,231.60479736328125,90152800,AAPL
2024-11-26,232.06231657216094,234.29015208323423,232.06231657216094,233.7829132080078,233.7829132080078,45986200,AAPL
2024-11-27,233.19611792325418,234.40949083683986,232.53970008294309,233.6536102294922,233.6536102294922,33498400,AAPL
2024-11-29,233.5342752849028,236.51797629056327,232.698842645531,236.04058837890625,236.04058837890625,28481400,AAPL
2024-12-02,235.9809120539101,239.4817769036961,235.8715090788613,238.28829956054688,238.28829956054688,48137100,AAPL
2024-12-03,238.5070985351772,241.44106801091166,237.60203896586935,241.3316650390625,241.3316650390625,38861000,AAPL
2024-12-04,241.55048900644988,242.78375758332757,239.9392952788925,241.68972778320312,241.68972778320312,44383900,AAPL
2024-12-05,242.66439419479377,243.21139387343032,240.81449907142343,241.71954345703125,241.71954345703125,40033900,AAPL
2024-12-06,241.5902721155965,243.3009285590703,240.76477968960373,241.52064514160156,241.52064514160156,36870600,AAPL
2024-12-09,240.51612576959502,245.89673657618508,240.43655859300793,245.40939331054688,245.40939331054688,44649200,AAPL
2024-12-10,245.54863486606115,246.86147053083658,244.00705305092782,246.42385864257812,246.42385864257812,36914800,AAPL
2024-12-11,246.61284788068906,249.43741460876686,244.92207178593077,245.1508331298828,245.1508331298828,45205800,AAPL
2024-12-12,245.54864477609476,247.3885997871069,244.34521203481492,246.6128387451172,246.6128387451172,32777500,AAPL
2024-12-13,246.4736080363398,247.9356076049288,244.9021903118032,246.78192138671875,246.78192138671875,33155300,AAPL
2024-12-16,246.6426692963963,250.01425073054844,246.3045049916291,249.67608642578125,249.67608642578125,51694800,AAPL
2024-12-17,248.72130738305802,252.45093348613432,248.42293425963442,252.1028289794922,252.1028289794922,51356400,AAPL
2024-12-18,250.79000225751088,252.89847930582897,246.39401822090946,246.70233154296875,246.70233154296875,56774100,AAPL
2024-12-19,246.15530978567995,250.63086087269232,245.74753371109492,248.432861328125,248.432861328125,60882300,AAPL
2024-12-20,246.6923766885693,253.61456925624782,244.35515348919105,253.1073455810547,253.1073455810547,147495300,AAPL
2024-12-23,253.38581895601413,254.26102752773247,252.07298333460633,253.8831024169922,253.8831024169922,40858800,AAPL
2024-12-24,254.10189725758943,256.80710520536127,253.90297174117552,256.79718017578125,256.79718017578125,23234700,AAPL
2024-12-26,256.7872242633273,258.6868506395932,256.2302692406472,257.6127014160156,257.6127014160156,27237100,AAPL
2024-12-27,256.42919055718573,257.29448932345014,251.68511699924173,254.2013702392578,254.2013702392578,42355300,AAPL
2024-12-30,250.85960874260036,252.1227129740064,249.3876539575231,250.82977294921875,250.82977294921875,35557500,AAPL
2024-12-31,251.0684930674946,251.90392569582917,248.07483671879714,249.05946350097656,249.05946350097656,39480700,AAPL
2025-01-02,247.57756417344766,247.74665392379396,240.5062071395791,242.52517700195312,242.52517700195312,55740700,AAPL
2025-01-03,242.03782653808594,242.85336358935695,240.5758118291158,242.03782653808594,242.03782653808594,40244100,AAPL
2025-01-06,242.98266113735735,245.98625772407811,241.87869116125097,243.66891479492188,243.66891479492188,45045600,AAPL
2025-01-07,241.6598791297847,244.215923537777,240.0387452815234,240.89407348632812,240.89407348632812,40856000,AAPL
2025-01-08,240.6056476428208,242.38593107741448,238.74581220273618,241.38140869140625,241.38140869140625,37628900,AAPL
2025-01-10,238.70602211575698,238.85521627248303,231.73411285331812,235.56320190429688,235.56320190429688,61710900,AAPL
2025-01-13,232.2612269401141,233.39503269669683,228.47192915300568,233.12649536132812,233.12649536132812,49630700,AAPL
2025-01-14,233.47460320476435,234.8371551382162,231.20699165927476,232.01258850097656,232.01258850097656,39435300,AAPL
2025-01-15,233.36518970349533,237.66172623332486,233.15632396556444,236.57763671875,236.57763671875,39832000,AAPL
2025-01-16,236.06047699847062,236.7168796666606,226.79110553013876,227.0198516845703,227.0198516845703,71759100,AAPL
2025-01-17,230.85888730040747,231.0279618693864,227.2386640256131,228.7305145263672,228.7305145263672,68488300,AAPL
2025-01-21,222.783001089375,223.20071739531107,218.1881065481907,221.43038940429688,221.43038940429688,98070400,AAPL
2025-01-22,218.59586314481808,222.90233985709415,218.59586314481808,222.61392211914062,222.61392211914062,64126500,AAPL
2025-01-23,223.51898889751178,225.7965406078772,221.09224303438072,222.44485473632812,222.44485473632812,60234800,AAPL
2025-01-24,223.5587751677507,224.40416321125562,220.207089142254,221.56964111328125,221.56964111328125,54697900,AAPL
2025-01-27,222.80290778981754,230.888727332658,222.76311661057002,228.61117553710938,228.61117553710938,94863400,AAPL
2025-01-28,229.59580038333414,238.88505261672515,229.5560092044273,236.9655303955078,236.9655303955078,75707600,AAPL
2025-01-29,232.84798871941953,238.55680796680022,232.73858575763728,238.0595245361328,238.0595245361328,45486100,AAPL
2025-01-30,237.3732826437262,239.48175963713217,235.92122345328548,236.2991485595703,236.2991485595703,55658300,AAPL
2025-01-31,245.8470107317681,245.8470107317681,232.1717149504871,234.71780395507812,234.71780395507812,100959800,AAPL
2025-02-03,228.74047863837345,230.5704783469237,224.47377754488917,226.77122497558594,226.77122497558594,73063300,AAPL
2025-02-04,226.0153670030395,231.8634262398647,225.4186206897715,231.53521728515625,231.53521728515625,45067300,AAPL
2025-02-05,227.2883891710869,231.4058958330951,227.0298072213747,231.2069854736328,231.2069854736328,39620300,AAPL
2025-02-06,230.03338922164468,232.5297620441898,229.17806101517482,231.95291137695312,231.95291137695312,29925300,AAPL
2025-02-07,231.33629458433444,232.72868233994458,226.02529517161955,226.39329528808594,226.39329528808594,39707200,AAPL
2025-02-10,228.57377553913867,229.58933825388894,226.21404995469493,226.66209411621094,226.66209411621094,33115600,AAPL
2025-02-11,227.20971719471092,234.2092091135714,227.1400288616486,231.61053466796875,231.61053466796875,53718400,AAPL
2025-02-12,230.19669384296432,235.9317077791751,229.67894615315132,235.8420867919922,235.8420867919922,45243300,AAPL
2025-02-13,235.8819260401158,241.28835511000761,234.54774465400956,240.48187255859375,240.48187255859375,53614100,AAPL
2025-02-14,240.203075232316,244.48441805735465,239.9442089936196,243.53854370117188,243.53854370117188,40896200,AAPL
2025-02-18,243.0905000064508,244.11602908498713,240.7905267294893,243.40911865234375,243.40911865234375,48822500,AAPL
2025-02-19,243.5982928571997,244.94242536854557,242.10480216065562,243.807373046875,243.807373046875,32204200,AAPL
2025-02-20,243.87709210808563,245.7091038330044,243.2299036494767,244.7632293701172,244.7632293701172,32316900,AAPL
2025-02-21,244.88267886995578,247.6107939080121,244.155851012499,244.4844207763672,244.4844207763672,53197400,AAPL
2025-02-24,243.86711335623195,247.7800669312537,243.3593319822528,246.0277099609375,246.0277099609375,51326400,AAPL
2025-02-25,246.92381259977986,248.91513366913293,243.84722519384715,245.9679718017578,245.9679718017578,48013300,AAPL
2025-02-26,243.26972892021308,243.91690216055417,238.0922974197643,239.31695556640625,239.31695556640625,44433600,AAPL
2025-02-27,238.3710773588995,241.4078448384303,236.0312691715791,236.27023315429688,236.27023315429688,41153600,AAPL
2025-02-28,235.92174819400608,241.03944246427386,229.2010399398617,240.79052734375,240.79052734375,56833400,AAPL
2025-03-03,240.74073286620586,242.97101773746803,235.0853888180174,236.99705505371094,236.99705505371094,47184000,AAPL
2025-03-04,236.6784633674393,239.02822274747484,233.6615980851158,234.9061737060547,234.9061737060547,53798100,AAPL
2025-03-05,234.3983766092207,235.5234777567522,228.23523611666363,234.7169952392578,234.7169952392578,47227600,AAPL
2025-03-06,233.42263965762712,236.82779659290307,232.14819548977783,234.30877685546875,234.30877685546875,45170400,AAPL
2025-03-07,234.08974000390756,240.32256924437755,233.74125275300776,238.03256225585938,238.03256225585938,46273600,AAPL
2025-03-10,234.5178647329352,235.13518456664028,223.24699590534985,226.4928436279297,226.4928436279297,72071200,AAPL
2025-03-11,222.8387656202518,224.8599551431671,216.50636447278404,219.88165283203125,219.88165283203125,76137400,AAPL
2025-03-12,219.18469713036333,220.78771110845915,213.9773970817033,216.0384063720703,216.0384063720703,62547500,AAPL
2025-03-13,215.01287598245443,215.899013195213,207.51555384047248,208.77008056640625,208.77008056640625,61368300,AAPL
2025-03-14,210.3332680009786,213.02154815111564,208.67051688888432,212.5635528564453,212.5635528564453,60107600,AAPL
2025-03-17,212.3843419118567,214.28605714072168,209.0588394397278,213.07135009765625,213.07135009765625,48073400,AAPL
2025-03-18,213.23066628615402,214.2163605039484,210.57225445008928,211.7670440673828,211.7670440673828,42432400,AAPL
2025-03-19,213.29037609854922,217.81066771448715,212.82241448637808,214.3059539794922,214.3059539794922,54385400,AAPL
2025-03-20,213.0614056873257,216.54621759798974,211.29908226715483,213.17092895507812,213.17092895507812,48862900,AAPL
2025-03-21,210.6419412957371,217.8903488075446,210.36315756009637,217.3228302001953,217.3228302001953,94127800,AAPL
2025-03-24,220.04097309502072,220.5188858867363,217.63147647971348,219.7721405029297,219.7721405029297,44299500,AAPL
2025-03-25,219.81198848707382,223.1275400112128,219.12498026235477,222.779052734375,222.779052734375,34493600,AAPL
2025-03-26,222.5400680439697,224.04352508950674,219.51326687455483,220.56866455078125,220.56866455078125,34466100,AAPL
2025-03-27,220.4292696466093,224.0136533961419,219.6028696378956,222.87860107421875,222.87860107421875,37094800,AAPL
2025-03-28,220.7080664246457,222.8387793372666,216.73537546649092,216.9544219970703,216.9544219970703,39818600,AAPL
2025-03-31,216.0682695484103,224.6409066608951,215.29165561007284,221.1660614013672,221.1660614013672,65299300,AAPL
2025-04-01,218.85614379144315,222.70934527111467,217.95008904171658,222.2214813232422,222.2214813232422,36412700,AAPL
2025-04-02,220.35960203797094,224.2128035366635,220.06090083198967,222.91844177246094,222.91844177246094,35905900,AAPL
2025-04-03,204.64803566499702,206.58958563447752,200.37665915579902,202.30824279785156,202.30824279785156,103419000,AAPL
2025-04-04,193.0486144227304,199.01262630823254,186.52703508606032,187.56253051757812,187.56253051757812,125910900,AAPL
2025-04-07,176.43103817745248,193.30748067285785,173.86223225537526,180.6725616455078,180.6725616455078,160466300,AAPL
2025-04-08,185.88979780340043,189.51400113284038,168.4757067407598,171.67176818847656,171.67176818847656,120859500,AAPL
2025-04-09,171.20381523449285,199.7394480269994,171.14407803694525,197.98709106445312,197.98709106445312,184395900,AAPL
2025-04-10,188.24954112448538,193.93475416517637,182.20587449762067,189.5936737060547,189.5936737060547,121880000,AAPL
2025-04-11,185.2924188893916,198.67408279715283,185.2525839628914,197.2901153564453,197.2901153564453,87435900,AAPL
2025-04-14,210.52246440005902,212.01595519155484,200.28707539108044,201.64117431640625,201.64117431640625,101352900,AAPL
2025-04-15,200.98401841430368,202.62685207462172,198.93296032454862,201.26280212402344,201.26280212402344,51343900,AAPL
2025-04-16,197.49920369317184,199.8290454554037,191.53519224238798,193.4269561767578,193.4269561767578,59732400,AAPL
2025-04-17,196.34424488667963,197.9671763411939,193.5763099497932,196.1251983642578,196.1251983642578,52164700,AAPL
2025-04-21,192.43130060162235,192.958999427942,188.98630873883343,192.32177734375,192.32177734375,46742500,AAPL
2025-04-22,195.26894368988752,200.715208155226,195.1196006832811,198.8732452392578,198.8732452392578,52976400,AAPL
2025-04-23,205.10606155750318,207.09738254349836,201.9199510184256,203.71214294433594,203.71214294433594,52929200,AAPL
2025-04-24,204.00088023313933,207.92378505310097,202.0593452871763,207.4657745361328,207.4657745361328,47311000,AAPL
2025-04-25,205.47445049920006,208.8397878176709,205.30519003897632,208.371826171875,208.371826171875,38222300,AAPL
2025-04-28,209.08871177088434,210.5822025692478,206.55974070372147,209.2281036376953,209.2281036376953,38743100,AAPL
2025-04-29,207.78438836336602,211.31898611202763,207.46576971677675,210.29345703125,210.29345703125,36827600,AAPL
2025-04-30,208.39173986928208,212.65316547487808,205.7731479657814,211.57785034179688,211.57785034179688,52286500,AAPL
2025-05-01,208.1726964341785,213.62891164873253,207.99346964638974,212.39430236816406,212.39430236816406,57365700,AAPL
2025-05-02,205.19567188008233,206.0917754590827,201.2827333487594,204.45889282226562,204.45889282226562,101010600,AAPL
2025-05-05,202.21865389928206,203.21431440062256,197.34987465543003,198.02691650390625,198.02691650390625,69018500,AAPL
2025-05-06,197.34988881133353,199.77928784710326,196.16505029893813,197.64857482910156,197.64857482910156,51216500,AAPL
2025-05-07,198.30570335142838,198.574535944944,192.41139491378883,195.39837646484375,195.39837646484375,68536700,AAPL
2025-05-08,196.86199326420865,199.18188402861682,193.83517686729027,196.63299560546875,196.63299560546875,50478900,AAPL
2025-05-09,198.1364339272832,199.6697443694255,196.6827629534363,197.66847229003906,197.66847229003906,36453900,AAPL
2025-05-12,210.32995926202443,210.6290521628615,206.1227607044075,210.15049743652344,210.15049743652344,63775800,AAPL
2025-05-13,209.79158118866218,212.75257189298435,208.36592688565332,212.28399658203125,212.28399658203125,51909300,AAPL
2025-05-14,211.78550901932945,213.29093762104833,209.94113079478424,211.68582153320312,211.68582153320312,49325800,AAPL
2025-05-15,210.31001909194578,212.31393091132972,208.90429308394448,210.80850219726562,210.80850219726562,45029500,AAPL
2025-05-16,211.71573318604425,211.92510277199543,209.1335944967917,210.6190643310547,210.6190643310547,54737900,AAPL
2025-05-19,207.27923550566183,208.84446444770495,203.64029993754312,208.14659118652344,208.14659118652344,46140500,AAPL
2025-05-20,207.03996203611737,207.83753801206538,204.40797196423648,206.232421875,206.232421875,42496600,AAPL
2025-05-21,204.5475404614086,206.41186226922272,200.10108001028593,201.4768829345703,201.4768829345703,59211800,AAPL
2025-05-22,200.1010626250374,202.13486667390606,199.09411717835945,200.74908447265625,200.74908447265625,46742400,AAPL
2025-05-23,193.082445017036,197.1002176461426,192.8730906309023,194.67759704589844,194.67759704589844,78432900,AAPL
2025-05-27,197.6983910952664,200.1309909415137,196.83102019804124,199.60260009765625,199.60260009765625,56288500,AAPL
2025-05-28,199.98143310081724,202.11494001836002,199.2935240345892,199.81195068359375,199.81195068359375,45339700,AAPL
2025-05-29,202.9623758748587,203.19167383577107,197.90775006205254,199.3433837890625,199.3433837890625,51396800,AAPL
2025-05-30,198.7651407343476,201.3472946799051,196.18300200128658,200.24066162109375,200.24066162109375,70819900,AAPL
2025-06-02,199.67238359256916,201.51677709467234,199.51286535414474,201.08807373046875,201.08807373046875,35423300,AAPL
2025-06-03,200.73913195165156,203.1517881077627,200.35031577799097,202.65330505371094,202.65330505371094,46381600,AAPL
2025-06-04,202.29440469878628,205.6143037964219,201.48686455307688,202.20468139648438,202.20468139648438,43604000,AAPL
2025-06-05,202.88261988754903,204.12882762641604,199.54277706238673,200.02133178710938,200.02133178710938,55126100,AAPL
2025-06-06,202.3841235560851,205.07592905349443,201.4370087789868,203.30133056640625,203.30133056640625,46607700,AAPL
2025-06-09,203.76991971327615,205.37503589356555,199.4131823149893,200.83883666992188,200.83883666992188,72862600,AAPL
2025-06-10,199.9914028593682,203.73002568042446,199.96149509379936,202.05511474609375,202.05511474609375,54672600,AAPL
2025-06-11,202.88260699920767,203.8795731269679,197.80805305990708,198.1769256591797,198.1769256591797,60989900,AAPL
2025-06-12,198.47602627663701,199.07419684911244,196.7612432530472,198.5956573486328,198.5956573486328,43904600,AAPL
2025-06-13,199.12405177447246,199.76210952406473,195.1062792678608,195.85400390625,195.85400390625,51447300,AAPL
2025-06-16,196.701426450214,198.08720880439395,195.96366601516638,197.81802368164062,197.81802368164062,43020700,AAPL
2025-06-17,196.6017124403596,197.78810453675544,194.61775963167673,195.04644775390625,195.04644775390625,38856200,AAPL
2025-06-18,195.34553910938874,196.97059871241268,194.4781834746436,195.9835968017578,195.9835968017578,45394700,AAPL
2025-06-20,197.63856158511533,201.08805571006383,196.26274352386682,200.3901824951172,200.3901824951172,96813500,AAPL
2025-06-23,201.01829760639046,201.68626312768808,198.35639970659372,200.88868713378906,200.88868713378906,55814300,AAPL
2025-06-24,201.97536755465325,202.8227948624406,199.59261907789957,199.69232177734375,199.69232177734375,54064000,AAPL
2025-06-25,200.83883469818846,203.05210084338043,200.01135094007643,200.94850158691406,200.94850158691406,39525700,AAPL
2025-06-26,200.81887060840756,202.0252062612044,198.85486142223453,200.3901824951172,200.3901824951172,50799100,AAPL
2025-06-27,201.2774955925489,202.60346239871808,199.39323017588663,200.46995544433594,200.46995544433594,73188600,AAPL
2025-06-30,201.39712965217615,206.7608124915243,198.6554726965608,204.54754638671875,204.54754638671875,91912800,AAPL
2025-07-01,206.04299395149746,209.55231908550664,205.51460310500556,207.18951416015625,207.18951416015625,78788900,AAPL
2025-07-02,208.2761972389462,212.69274987948137,207.5085290616707,211.7954864501953,211.7954864501953,67941800,AAPL
2025-07-03,211.5063683517463,213.9987837940836,211.16740350258758,212.90213012695312,212.90213012695312,34955800,AAPL
2025-07-07,212.03474730839852,215.57398008038285,208.16652910348648,209.3130340576172,209.3130340576172,50229000,AAPL
2025-07-08,209.46260228799343,210.78855393169587,207.8175989494771,209.37286376953125,209.37286376953125,42848900,AAPL
2025-07-09,208.8943192909964,210.6888614301138,206.59132988433592,210.4994354248047,210.4994354248047,48749400,AAPL
2025-07-10,209.87133445003573,212.83232507172787,209.39279496736208,211.7655792236328,211.7655792236328,44443600,AAPL
2025-07-11,209.93115706069412,211.48642172848318,209.22330444266433,210.5193634033203,210.5193634033203,39765800,AAPL
2025-07-14,209.29309904361602,210.27013683517245,206.91035052542594,207.98707580566406,207.98707580566406,38840100,AAPL
2025-07-15,208.5852680860029,211.2471659954246,208.2861751856472,208.47560119628906,208.47560119628906,42296300,AAPL
2025-07-16,209.66198981724762,211.7556096589697,208.0070223143888,209.5224151611328,209.5224151611328,47490500,AAPL
2025-07-17,209.93116216460888,211.15742622671814,208.95412441878605,209.38282775878906,209.38282775878906,48068100,AAPL
2025-07-18,210.23024956462245,211.1474566075158,209.06380098140497,210.539306640625,210.539306640625,48974600,AAPL
2025-07-21,211.45652088357517,215.12534891613055,210.98794558852114,211.83535766601562,211.83535766601562,51377400,AAPL
2025-07-22,212.49337032996837,214.29787667610697,211.5861274580158,213.74954223632812,213.74954223632812,46404100,AAPL
2025-07-23,214.3477325289176,214.49727137359017,211.76559372759175,213.50030517578125,213.50030517578125,46989300,AAPL
2025-07-24,213.25104009789538,215.0356179140754,212.88216751340357,213.11146545410156,213.11146545410156,46022600,AAPL
2025-07-25,214.04862920984866,214.58699944946258,212.7525701732737,213.2311248779297,213.2311248779297,40268800,AAPL
2025-07-28,213.38067592321022,214.1981955143971,212.41361748607306,213.40061950683594,213.40061950683594,37858000,AAPL
2025-07-29,213.53020352524888,214.1582970701604,210.18041185237743,210.62904357910156,210.62904357910156,51411700,AAPL
2025-07-30,211.25711581327238,211.74563469104578,207.0898047125579,208.415771484375,208.415771484375,45512500,AAPL
2025-07-31,207.85748415888986,209.20337937318874,206.5315173151756,206.94027709960938,206.94027709960938,80698400,AAPL
2025-08-01,210.23025491744008,212.93203997684435,200.88868661623732,201.76602172851562,201.76602172851562,104434500,AAPL
2025-08-04,203.8895472057539,207.24933356384108,201.06813110178,202.7330780029297,202.7330780029297,75109300,AAPL
2025-08-05,202.78290655256814,204.71702329589334,201.54667827641916,202.3043670654297,202.3043670654297,44155100,AAPL
2025-08-06,205.00616501036765,214.72658548105818,204.96627784328447,212.60304260253906,212.60304260253906,108483100,AAPL
2025-08-07,218.2159523061407,220.1799768073744,215.92292715514498,219.36245727539062,219.36245727539062,90224800,AAPL
2025-08-08,220.16003429974123,230.29917810781973,218.58482597462978,228.65419006347656,228.65419006347656,113854000,AAPL
2025-08-11,227.48640043221798,229.12327986736793,224.3324083989562,226.747802734375,226.747802734375,61806100,AAPL
2025-08-12,227.57622481823222,230.36092560837628,226.63802588155738,229.21310424804688,229.21310424804688,55626200,AAPL
2025-08-13,230.6304284784954,234.55294488479396,229.99163136972763,232.88612365722656,232.88612365722656,69878500,AAPL
2025-08-14,233.6147219132583,234.67270293292236,230.41083714463488,232.337158203125,232.337158203125,51916300,AAPL
2025-08-15,233.5548328767578,233.834298979768,228.9036945156081,231.1494140625,231.1494140625,56038700,AAPL
2025-08-18,231.25921652669462,232.67651332576617,229.672244959047,230.4507598876953,230.4507598876953,37476200,AAPL
2025-08-19,230.84001516813981,232.42698672077375,228.9136940815642,230.1213836669922,230.1213836669922,39402600,AAPL
2025-08-20,229.54248102593337,230.0315543310328,225.3404986724704,225.5800323486328,225.5800323486328,42263900,AAPL
2025-08-21,225.83955683035407,226.08908123987146,223.35428822884654,224.47215270996094,224.47215270996094,30621200,AAPL
2025-08-22,225.73973438952316,228.65417758009713,224.98118568943215,227.3267059326172,227.3267059326172,42477800,AAPL
2025-08-25,226.04912998143794,228.86377239669042,225.79960559269966,226.72784423828125,226.72784423828125,30983100,AAPL
2025-08-26,226.43840339540802,229.0534295301293,224.26255788237486,228.87376403808594,228.87376403808594,54575100,AAPL
2025-08-27,228.17510050695543,230.46073738560713,227.82576024347395,230.05152893066406,230.05152893066406,31259500,AAPL
2025-08-28,230.3809040856524,232.9659733126178,228.90370861616245,232.11758422851562,232.11758422851562,38074700,AAPL
2025-08-29,232.0676707602769,232.9360260407387,230.92984008944924,231.69837951660156,231.69837951660156,39418400,AAPL
2025-09-02,228.81388239599917,230.4108447009183,226.53822101083426,229.28298950195312,229.28298950195312,44075600,AAPL
2025-09-03,236.75874463665696,238.395624134605,233.9141603097862,238.01634216308594,238.01634216308594,66427800,AAPL
2025-09-04,237.99636566705198,239.44360411673358,236.28962732845326,239.32383728027344,239.32383728027344,47549400,AAPL
2025-09-05,239.54341659874092,240.86091270031892,238.03629475202086,239.2340087890625,239.2340087890625,54870400,AAPL
2025-09-08,238.84475646782593,239.69313028194867,235.89038089866295,237.42745971679688,237.42745971679688,48999500,AAPL
2025-09-09,236.54912730927947,238.3257397896772,232.9160527142261,233.9041748046875,233.9041748046875,66313900,AAPL
2025-09-10,231.7482872752143,231.97784546194652,225.52015268533836,226.35855102539062,226.35855102539062,83440800,AAPL
2025-09-11,226.44839058875493,230.01159113632517,226.21881717306923,229.59239196777344,229.59239196777344,50208600,AAPL
2025-09-12,228.78393068206054,234.06386022938602,228.58431421011397,233.6247100830078,233.6247100830078,55824200,AAPL
2025-09-15,236.54912714503797,237.7368657054393,234.58287368836292,236.24969482421875,236.24969482421875,42699500,AAPL
2025-09-16,236.72878926810645,240.76111223381088,235.87043992435724,237.6969451904297,237.6969451904297,63421100,AAPL
2025-09-17,238.5153883976145,239.6432435766681,237.27774187166392,238.5353546142578,238.5353546142578,46508000,AAPL
2025-09-18,239.5134800259323,240.74113579799257,236.199788714976,237.42745971679688,237.42745971679688,44249600,AAPL
2025-09-19,240.77107799962133,245.83144010441063,239.7530294205925,245.032958984375,245.032958984375,163741300,AAPL
2025-09-22,247.82763635806887,256.15178189089505,247.64797087114997,255.5928192138672,255.5928192138672,105517400,AAPL
2025-09-23,255.39322235208516,256.8504363399061,253.0975947938589,253.9459686279297,253.9459686279297,60275200,AAPL
2025-09-24,254.73446948849343,255.2534845023776,250.56241362070242,251.8300018310547,251.8300018310547,42303700,AAPL
2025-09-25,252.72829161839874,256.6807646844572,251.2311452680336,256.3813171386719,256.3813171386719,55202100,AAPL
2025-09-26,253.61660096533106,257.10994249251326,253.2972024297037,254.97401428222656,254.97401428222656,46076300,AAPL
2025-09-29,254.0757261912774,254.5148915782133,252.52867184357527,253.9459686279297,253.9459686279297,40127700,AAPL
2025-09-30,254.37515755125318,255.4331385813304,252.6284867333586,254.14559936523438,254.14559936523438,37704300,AAPL
2025-10-01,254.55481135314994,258.29769267334166,254.44502000530687,254.9640350341797,254.9640350341797,48713900,AAPL
2025-10-02,256.09186667190835,257.68882891050583,253.66649683440303,256.6408386230469,256.6408386230469,42630200,AAPL
2025-10-03,254.18552630266564,258.7468246365968,253.46689477740222,257.5291442871094,257.5291442871094,49155600,AAPL
2025-10-06,257.49917477533796,258.57713717661323,254.56478079871025,256.20166015625,256.20166015625,44664100,AAPL
2025-10-07,256.32145476920215,256.9103287268919,254.94407514023973,255.99209594726562,255.99209594726562,31955800,AAPL
2025-10-08,256.03201279963565,258.0282082133661,255.62278908467795,257.569091796875,257.569091796875,36496900,AAPL
2025-10-09,257.3195337882977,257.50917476461467,252.65841993311406,253.55670166015625,253.55670166015625,38322000,AAPL
2025-10-10,254.45500785015722,255.8922708493858,243.53581752909898,244.80340576171875,244.80340576171875,61999100,AAPL
2025-10-13,248.90558714178317,249.2149949644775,245.09284695690994,247.18885803222656,247.18885803222656,38142900,AAPL
2025-10-14,246.13087266264282,248.37659224814226,244.23447809703134,247.29864501953125,247.29864501953125,35478000,AAPL
2025-10-15,249.01538540478128,251.3409547309234,246.99922390992754,248.86566162109375,248.86566162109375,33893600,AAPL
2025-10-16,247.77774448085987,248.56623493239263,244.66368465033412,246.97926330566406,246.97926330566406,39777000,AAPL
2025-10-17,247.5481624372989,252.89796599708643,246.79958926324147,251.81002807617188,251.81002807617188,49147000,AAPL
2025-10-20,255.4032084113237,263.87706298772724,255.14370850365398,261.7411193847656,261.7411193847656,90483000,AAPL
2025-10-21,261.3817895915523,264.7853058703715,261.3318664386604,262.27008056640625,262.27008056640625,46695900,AAPL
2025-10-22,262.15033525743416,262.349966966352,254.94406918261987,257.9583435058594,257.9583435058594,45015300,AAPL
2025-10-23,259.4454820834593,260.12418111371363,257.51916110368444,259.0861511230469,259.0861511230469,32754900,AAPL
2025-10-24,260.69313376057823,263.62754335723145,258.68694768993146,262.3200378417969,262.3200378417969,38253700,AAPL
2025-10-27,264.37609822840903,268.60802232244004,264.1465248140549,268.2986145019531,268.2986145019531,44888200,AAPL
2025-10-28,268.4782600095115,269.3765722048576,267.63986169210665,268.4882507324219,268.4882507324219,41534800,AAPL
2025-10-29,268.76770579477784,270.8936584399069,266.6018207191691,269.1869201660156,269.1869201660156,51086700,AAPL
2025-10-30,271.4725408872279,273.6184749716116,267.969239224885,270.8836669921875,270.8836669921875,69886500,AAPL
2025-10-31,276.4630533049319,276.79244258078194,268.647962249571,269.85565185546875,269.85565185546875,86167100,AAPL
2025-11-03,269.90556627002525,270.33474092754267,265.74348587775046,268.53814697265625,268.53814697265625,50194600,AAPL
2025-11-04,267.8195068636227,270.9734988318123,267.11086611942017,269.5262756347656,269.5262756347656,49274800,AAPL
2025-11-05,268.0989800730272,271.18312844251227,266.4221834255846,269.6260986328125,269.6260986328125,43683100,AAPL
2025-11-06,267.38037702601645,272.8798740142925,267.38037702601645,269.25677490234375,269.25677490234375,51204000,AAPL
2025-11-07,269.28671541495146,271.7719991063764,266.26248096015127,267.9592590332031,267.9592590332031,48227400,AAPL
2025-11-10,268.7085692371889,273.4741297822401,267.20997142836535,269.1781311035156,269.1781311035156,41312400,AAPL
2025-11-11,269.55775905965567,275.65206242273547,269.5477586519058,274.99267578125,274.99267578125,46208300,AAPL
2025-11-12,274.74292397164845,275.4722525277038,271.4460210796085,273.21435546875,273.21435546875,48398000,AAPL
2025-11-13,273.85374352181776,276.4413491841305,271.83564282199285,272.6948547363281,272.6948547363281,49602800,AAPL
2025-11-14,270.7965900477885,275.70200347225597,269.3479639093673,272.15533447265625,272.15533447265625,47431300,AAPL
2025-11-17,268.5687054184609,270.2371271729127,265.48159771217263,267.2099609375,267.2099609375,45018300,AAPL
2025-11-18,269.7376065335732,270.4569347049811,265.0719890725528,267.19000244140625,267.19000244140625,45677300,AAPL
2025-11-19,265.2817633125939,271.9555110777923,265.2517925781922,268.3089294433594,268.3089294433594,40424500,AAPL
2025-11-20,270.5768036466949,275.17250947675234,265.67142054546326,266.0010986328125,266.0010986328125,45823600,AAPL
2025-11-21,265.70137680880595,273.0744516711978,265.4216397990326,271.2361755371094,271.2361755371094,59030800,AAPL
2025-11-24,270.64675212306133,276.7410558404627,270.64675212306133,275.6620788574219,275.6620788574219,65585800,AAPL
2025-11-25,275.012667049666,280.1179060838009,274.9926967216935,276.7110900878906,276.7110900878906,46914200,AAPL
2025-11-26,276.70108254872224,279.26868736786383,276.3714044558947,277.29052734375,277.29052734375,33431400,AAPL
2025-11-28,277.0008150112318,278.73917862681736,275.73198274965245,278.5893249511719,278.5893249511719,20135600,AAPL
2025-12-01,277.75011957449965,283.1550658399818,275.88187257202503,282.8353576660156,282.8353576660156,46587700,AAPL
2025-12-02,282.7354345985028,287.1313151163589,282.36578537497866,285.9224548339844,285.9224548339844,53669500,AAPL
2025-12-03,285.9324708384744,288.35019153510143,283.0351573834178,283.8843688964844,283.8843688964844,43538700,AAPL
2025-12-04,283.83440686502166,284.46382276925783,278.32954829392816,280.4375915527344,280.4375915527344,43989100,AAPL
2025-12-05,280.27774306596746,280.8771882481053,277.79005013345267,278.5193786621094,278.5193786621094,47265800,AAPL
2025-12-08,277.86998437615557,279.4085531850005,275.8918244790692,277.6302185058594,277.6302185058594,38211800,AAPL
2025-12-09,277.8999627322321,279.7682096639769,276.6611317163261,276.9208679199219,276.9208679199219,32193300,AAPL
2025-12-10,277.490342786908,279.48847306800184,276.1815698919154,278.5193786621094,278.5193786621094,33038300,AAPL
2025-12-11,278.83908758708685,279.3286197507982,273.5540244422053,277.77008056640625,277.77008056640625,33248000,AAPL
2025-12-12,277.64021728323,278.9589906850317,276.5612402656973,278.0198669433594,278.0198669433594,39532900,AAPL
2025-12-15,279.8880911943856,279.8880911943856,272.5849275039148,273.8537292480469,273.8537292480469,50409100,AAPL
2025-12-16,272.5649667835892,275.2424541197232,271.53593087885605,274.353271484375,274.353271484375,37648600,AAPL
2025-12-17,274.75292651919426,275.90184538512057,271.38608172110213,271.58587646484375,271.58587646484375,50138700,AAPL
2025-12-18,273.35420232069225,273.374203136776,266.7004552212896,271.935546875,271.935546875,51630700,AAPL
2025-12-19,271.8955859651445,274.34330788170604,269.64768928264715,273.4141845703125,273.4141845703125,144632000,AAPL
2025-12-22,272.6048920133635,273.62395794129594,270.25711338978425,270.7166748046875,270.7166748046875,36571800,AAPL
2025-12-23,270.5868091030317,272.2452609569047,269.30800689497966,272.1053771972656,272.1053771972656,29642000,AAPL
2025-12-24,272.085389177814,275.17249671786806,271.9455359163183,273.55401611328125,273.55401611328125,17910600,AAPL
2025-12-26,273.9037084592662,275.1125687682936,272.6049054553,273.1444091796875,273.1444091796875,21521800,AAPL
2025-12-29,272.4350823114352,274.10350406329195,272.0954038139857,273.50408935546875,273.50408935546875,23715200,AAPL
2025-12-30,272.5549704076282,273.82377221524894,272.02546707967076,272.82470703125,272.82470703125,22139600,AAPL
2025-12-31,272.80472532736104,273.42414083736213,271.49595243002375,271.6058349609375,271.6058349609375,27293600,AAPL
2026-01-02,272.0054842546519,277.58025431004916,268.7485221479618,270.75665283203125,270.75665283203125,37838100,AAPL
2026-01-05,270.38700744645297,271.25618925068443,265.89121426121545,267.0101623535156,267.0101623535156,45647200,AAPL
2026-01-06,266.7503924619391,267.2998660934885,261.8749496989937,262.1147155761719,262.1147155761719,52352100,AAPL
2026-01-07,262.95395138764474,263.4334831315393,259.56710600115036,260.08660888671875,260.08660888671875,48309800,AAPL
2026-01-08,256.7797203952787,259.0476178563403,255.46096229095477,258.7978515625,258.7978515625,50419300,AAPL
2026-01-09,258.8377955175017,259.9667440583015,255.98048371428257,259.1275329589844,259.1275329589844,39997000,AAPL
2026-01-12,258.9177364764393,261.05572011368304,256.5599267903311,260.0067138671875,260.0067138671875,45263800,AAPL
2026-01-13,258.4781303943212,261.56523797230057,258.148452318208,260.8059387207031,260.8059387207031,45730800,AAPL
2026-01-14,259.247418118488,261.57525710051715,256.4700180914029,259.71697998046875,259.71697998046875,40019400,AAPL
2026-01-15,260.40631875644857,260.7959687899761,256.8096782083212,257.9685974121094,257.9685974121094,39388600,AAPL
2026-01-16,257.6589020182799,258.6579671912775,254.69167723491495,255.29112243652344,255.29112243652344,72142800,AAPL
2026-01-20,252.49373739571587,254.55180921698133,243.19244305608962,246.46937561035156,246.46937561035156,80267500,AAPL
2026-01-21,248.46750904444812,251.3248360900433,244.9507953165175,247.41848754882812,247.41848754882812,54641700,AAPL
2026-01-22,248.96703988447874,250.76536025794266,247.9180183962477,248.1178436279297,248.1178436279297,39708300,AAPL
2026-01-23,247.08880782235642,249.17685039145397,244.45126111041233,247.80812072753906,247.80812072753906,41689000,AAPL
2026-01-26,251.24490015634893,256.32015295784896,249.5664780183616,255.17123413085938,255.17123413085938,55969200,AAPL
2026-01-27,258.92771692213245,261.70511669708895,257.96859246831417,258.0285339355469,258.0285339355469,49648300,AAPL
2026-01-28,257.409147241713,258.61800761819165,254.27208306792676,256.2002868652344,256.2002868652344,41288000,AAPL
2026-01-29,257.75880668092503,259.4072580677027,254.17216647920577,258.0385437011719,258.0385437011719,67253000,AAPL
2026-01-30,254.93144331105526,261.6551472598355,251.94423313215475,259.2374267578125,259.2374267578125,92443400,AAPL
2026-02-02,259.7869174093499,270.2371306501278,258.9676766447768,269.7575988769531,269.7575988769531,73913400,AAPL
2026-02-03,268.9483513556569,271.6258386480508,267.3598109321867,269.22808837890625,269.22808837890625,64394700,AAPL
2026-02-04,272.03545112075,278.68922850453845,272.03545112075,276.23150634765625,276.23150634765625,90545700,AAPL
2026-02-05,277.86999494352693,279.2387093202658,272.97458180817284,275.6520690917969,275.6520690917969,52977400,AAPL
2026-02-06,276.8609202349588,280.6473855638201,276.67109542368036,277.8599853515625,277.8599853515625,50453400,AAPL
2026-02-09,277.9100036621094,278.20001220703125,271.70001220703125,274.6199951171875,274.6199951171875,44623400,AAPL
2026-02-10,274.8900146484375,275.3699951171875,272.94000244140625,273.67999267578125,273.67999267578125,34376900,AAPL
2026-02-11,274.70001220703125,280.17999267578125,274.45001220703125,275.5,275.5,51931300,AAPL
2026-02-12,275.5899963378906,275.7200012207031,260.17999267578125,261.7300109863281,261.7300109863281,81077200,AAPL
2026-02-13,262.010009765625,262.2300109863281,255.4499969482422,255.77999877929688,255.77999877929688,56290700,AAPL
2026-02-17,258.04998779296875,266.2900085449219,255.5399932861328,263.8800048828125,263.8800048828125,58469100,AAPL
2026-02-18,263.6000061035156,266.82000732421875,262.45001220703125,264.3500061035156,264.3500061035156,34203300,AAPL
2026-02-19,262.6000061035156,264.4800109863281,260.04998779296875,260.5799865722656,260.5799865722656,30845300,AAPL
2026-02-20,258.9700012207031,264.75,258.1600036621094,264.5799865722656,264.5799865722656,42070500,AAPL
2026-02-23,263.489990234375,269.42999267578125,263.3800048828125,266.17999267578125,266.17999267578125,37308200,AAPL
2026-02-24,267.8599853515625,274.8900146484375,267.7099914550781,272.1400146484375,272.1400146484375,47014600,AAPL
2026-02-25,271.7799987792969,274.94000244140625,271.04998779296875,274.2300109863281,274.2300109863281,33714300,AAPL
2026-02-26,274.95001220703125,276.1099853515625,270.79998779296875,272.95001220703125,272.95001220703125,32345100,AAPL
2026-02-27,272.80999755859375,272.80999755859375,262.8900146484375,264.17999267578125,264.17999267578125,72366500,AAPL
2026-03-02,262.4100036621094,266.5299987792969,260.20001220703125,264.7200012207031,264.7200012207031,41827900,AAPL
2026-03-03,263.4800109863281,265.55999755859375,260.1300048828125,263.75,263.75,38568900,AAPL
2026-03-04,264.6499938964844,266.1499938964844,261.4200134277344,262.5199890136719,262.5199890136719,39803100,AAPL
2026-03-05,260.7900085449219,261.55999755859375,257.25,260.2900085449219,260.2900085449219,49658600,AAPL
2026-03-06,258.6300048828125,258.7699890136719,254.3699951171875,257.4599914550781,257.4599914550781,41120000,AAPL
2026-03-09,255.69000244140625,261.1499938964844,253.67999267578125,259.8800048828125,259.8800048828125,38218500,AAPL
2026-03-10,257.6499938964844,262.4800109863281,256.95001220703125,260.8299865722656,260.8299865722656,30590800,AAPL
2026-03-11,261.0899963378906,262.1300048828125,259.54998779296875,260.80999755859375,260.80999755859375,26218900,AAPL
2026-03-12,258.6600036621094,258.95001220703125,254.17999267578125,255.75999450683594,255.75999450683594,40794000,AAPL
2026-03-13,255.47999572753906,256.3299865722656,249.52000427246094,250.1199951171875,250.1199951171875,36930000,AAPL
2026-03-16,252.11000061035156,253.88999938964844,249.8800048828125,252.82000732421875,252.82000732421875,32074200,AAPL
2026-03-17,252.9600067138672,255.1300048828125,252.17999267578125,254.22999572753906,254.22999572753906,32361600,AAPL
2026-03-18,252.6300048828125,254.94000244140625,249.0,249.94000244140625,249.94000244140625,35757900,AAPL
2026-03-19,249.39999389648438,251.8300018310547,247.3000030517578,248.9600067138672,248.9600067138672,34864100,AAPL
2026-03-20,247.97999572753906,249.1999969482422,246.0,247.99000549316406,247.99000549316406,88331100,AAPL
2026-03-23,253.97000122070312,254.60000610351562,250.27999877929688,251.49000549316406,251.49000549316406,40546100,AAPL
2026-03-24,250.35000610351562,254.8300018310547,249.5500030517578,251.63999938964844,251.63999938964844,45152300,AAPL
2026-03-25,254.10000610351562,255.0,251.60000610351562,252.6199951171875,252.6199951171875,28476700,AAPL
2026-03-26,252.1199951171875,257.0,250.77000427246094,252.88999938964844,252.88999938964844,41796700,AAPL
2026-03-27,253.89999389648438,255.49000549316406,248.07000732421875,248.8000030517578,248.8000030517578,47900000,AAPL
2026-03-30,250.07000732421875,250.8699951171875,245.50999450683594,246.6300048828125,246.6300048828125,39446200,AAPL
2026-03-31,247.91000366210938,255.47999572753906,247.10000610351562,253.7899932861328,253.7899932861328,49598100,AAPL
2026-04-01,254.0800018310547,256.17999267578125,253.3300018310547,255.6300048828125,255.6300048828125,40059400,AAPL
2026-04-02,254.1999969482422,256.1300048828125,250.64999389648438,255.9199981689453,255.9199981689453,31289400,AAPL
2026-04-06,256.510009765625,262.1600036621094,256.4599914550781,258.8599853515625,258.8599853515625,29329900,AAPL
2026-04-07,256.1600036621094,256.20001220703125,245.6999969482422,253.5,253.5,62148000,AAPL
2026-04-08,258.45001220703125,259.75,256.5299987792969,258.8999938964844,258.8999938964844,41032800,AAPL
2026-04-09,259.0,261.1199951171875,256.07000732421875,260.489990234375,260.489990234375,28121600,AAPL
2026-04-10,259.9800109863281,262.19000244140625,259.0199890136719,260.4800109863281,260.4800109863281,31291500,AAPL
2026-04-13,259.7300109863281,260.17999267578125,256.6600036621094,259.20001220703125,259.20001220703125,36234700,AAPL
2026-04-14,259.25,261.92999267578125,257.19000244140625,258.8299865722656,258.8299865722656,48370700,AAPL
2026-04-15,258.1600036621094,266.55999755859375,257.80999755859375,266.42999267578125,266.42999267578125,49913500,AAPL
2026-04-16,266.79998779296875,267.1600036621094,261.2699890136719,263.3999938964844,263.3999938964844,43323100,AAPL
2026-04-17,267.0979919433594,272.29998779296875,266.7200012207031,270.2300109863281,270.2300109863281,55211089,AAPL
