ticker,marketCap
A,41053036544.0
AA,9265732608.0
AACB,284222262.6686096
AAL,8145466880.0
AAM,464365469.01222515
AAME,47117597.822861195
AAMI,1501593472.0
AAOI,1476893952.0
AAON,7506251264.0
AAP,2936888320.0
AAPG,3060030464.0
AAPL,3969210384384.0
AARD,227748425.9505844
AAUC,2050960128.0
ABAT,522479228.6810198
ABBV,413567975424.0
ABCB,4830571520.0
ABCL,1077606144.0
ABEO,227603705.86381817
ABG,4262033408.0
ABL,584562074.7644877
ABLV,31066261.96736616
ABM,2509620992.0
ABNB,71998914560.0
ABOS,93888805.86163402
ABP,16434171.704843044
ABSI,430062562.8853986
ABT,226311880704.0
ABTC,4671899136.0
ABTS,14148875.62275505
ABUS,873151040.0
ABVC,64033761.95353699
ABVE,101871778.0082035
ACA,4799055360.0
ACAD,4062055680.0
ACB,250628555.99820665
ACCL,57545998.14414978
ACCO,299251968.0
ACCS,30950608.0
ACDC,694545344.0
ACEL,833665728.0
ACET,90941864.0
ACFN,33912636.0
ACGL,34265354240.0
ACHC,1445224192.0
ACHR,4832954368.0
ACHV,234229552.0
ACI,10144418816.0
ACIC,568603456.0
ACIU,311860000.0
ACIW,4777793024.0
ACLS,2530160640.0
ACLX,5223717888.0
ACM,17472290816.0
ACMR,2041661952.0
ACN,150313041920.0
ACNB,480149632.0
ACNT,131245712.0
ACOG,123322416.0
ACON,3505879.0
ACR,159071648.0
ACRE,267428560.0
ACRS,265445840.0
ACRV,74864440.0
ACT,5442957312.0
ACTG,337611328.0
ACTU,137600496.0
ACU,136813648.0
ACVA,1143266432.0
ACXP,8783183.0
AD,3839585792.0
ADAG,85778920.0
ADBE,137894690816.0
ADC,8510117888.0
ADCT,491792128.0
ADEA,1359021440.0
ADGM,19386552.0
ADI,113120231424.0
ADIL,6779844.0
ADM,28228667392.0
ADMA,3679685632.0
ADNT,1547734912.0
ADP,101636956160.0
ADPT,2093039616.0
ADSE,568715392.0
ADSK,62463246336.0
ADT,6585247232.0
ADTN,587250240.0
ADTX,2125944.0
ADUR,328898016.0
ADUS,1992681472.0
ADV,352373664.0
ADVB,8937320.0
ADVM,93932024.0
AEBI,816729280.0
AEC,101304488.0
AEE,28502048768.0
AEG,12073051136.0
AEHL,6361651.0
AEHR,602232256.0
AEI,91647648.0
AEIS,7493988864.0
AEM,82807562240.0
AEMD,3082900.0
AENT,781139840.0
AEO,3059917056.0
AEON,10130094.0
AEP,66223058944.0
AER,23709849600.0
AERT,31759860.0
AES,9912723456.0
AESI,1421355008.0
AEVA,552134336.0
AEXA,539616384.0
AEYE,144676880.0
AFBI,119933576.0
AFCG,68235520.0
AFG,11583921152.0
AFGC,19671762.0
AFJK,67400296.0
AFL,60045529088.0
AFRI,250991856.0
AFRM,22501117952.0
AFYA,1314943488.0
AG,5663612416.0
AGAE,15967931.0
AGCC,127221528.0
AGCO,7663840256.0
AGEN,146916064.0
AGH,58435952.0
AGI,13911977984.0
AGIO,2631702272.0
AGL,222630320.0
AGM,1776815616.0
AGM-A,1790296960.0
AGMH,6208383.0
AGNC,10834513920.0
AGO,4128711936.0
AGRO,767662976.0
AGRZ,50282480.0
AGX,4783639040.0
AGYS,3437766144.0
AHCO,1263508992.0
AHH,636499520.0
AHL,3385162240.0
AHMA,135248752.0
AHR,8475673600.0
AI,1852699904.0
AIFF,20038784.0
AIFU,51475544.0
AIG,42359132160.0
AIHS,1241309.0
AII,472662912.0
AIIO,191422512.0
AIM,3980431.0
AIMD,10520460.0
AIN,1220566784.0
AIOT,602210816.0
AIP,584052032.0
AIR,3123458560.0
AIRE,56467468.0
AIRG,47732176.0
AIRI,13886387.0
AIRJ,246998352.0
AIRO,283259904.0
AIRS,260360928.0
AIRT,56755420.0
AISP,101501424.0
AIT,9084040192.0
AIV,809704512.0
AIZ,11344744448.0
AJG,66592100352.0
AKA,132080936.0
AKAM,12605471744.0
AKAN,757421.0
AKBA,467044160.0
AKO-A,3899070464.0
AKO-B,4360535040.0
AKRO,4473884160.0
AL,7118314496.0
ALAB,23881281536.0
ALB,13852999680.0
ALBT,6768967.0
ALC,37775269888.0
ALCO,247250944.0
ALCY,53700520.0
ALDF,315109664.0
ALDX,297805696.0
ALE,3918736896.0
ALEC,135347824.0
ALEX,1140125184.0
ALF,381656256.0
ALG,1958580096.0
ALGM,4368809472.0
ALGN,9612417024.0
ALGS,43198144.0
ALGT,1154593536.0
ALH,4904355328.0
ALHC,3209471744.0
ALIT,1175908864.0
ALK,4536314880.0
ALKS,4842896384.0
ALKT,2142081664.0
ALL,55127953408.0
ALLE,13762531328.0
ALLO,276418080.0
ALLR,16266970.0
ALLT,421302848.0
ALLY,11616685056.0
ALM,1509110144.0
ALMS,580158464.0
ALMU,228631456.0
ALNT,858018624.0
ALNY,60843696128.0
ALOT,64697444.0
ALPS,148912672.0
ALRM,2406420736.0
ALRS,537660928.0
ALSN,6628297216.0
ALT,437194592.0
ALTG,142479952.0
ALTI,585872896.0
ALTO,154021424.0
ALTS,229901984.0
ALUR,10867753.0
ALV,8995661824.0
ALVO,1601629824.0
ALX,1079527808.0
ALXO,84580080.0
ALZN,8838729.0
AM,8525283840.0
AMAL,805417920.0
AMAT,182200090624.0
AMBA,3588438016.0
AMBC,425503936.0
AMBO,11739710.0
AMBP,2139764480.0
AMBQ,444277888.0
AMC,1113087488.0
AMCR,19505641472.0
AMCX,340379328.0
AMD,391576584192.0
AME,44156088320.0
AMG,7137962496.0
AMGN,184004214784.0
AMH,13481428992.0
AMIX,7123269.0
AMKR,7635805184.0
AMLX,1535277568.0
AMN,610779072.0
AMOD,38938840.0
AMP,41554907136.0
AMPG,62739812.0
AMPH,1209801984.0
AMPL,1331514368.0
AMPX,1360946432.0
AMPY,214118016.0
AMR,2082215424.0
AMRC,1640944896.0
AMRK,625474560.0
AMRX,3640322560.0
AMRZ,26581123072.0
AMS,14061601.0
AMSC,1451851520.0
AMSF,785643264.0
AMST,11843326.0
AMT,84486422528.0
AMTB,717393984.0
AMTM,5229132288.0
AMTX,118023376.0
AMWD,718688128.0
AMWL,64830136.0
AMZE,2155317.0
AMZN,2489430573056.0
AN,7046424064.0
ANAB,972621184.0
ANDE,1677338752.0
ANEB,94084032.0
ANET,160256622592.0
ANF,3315022080.0
ANGH,19025374.0
ANGI,471357216.0
ANGO,490690144.0
ANGX,986542592.0
ANIK,139164752.0
ANIP,1840896000.0
ANIX,138251040.0
ANNA,128891824.0
ANNX,437081472.0
ANPA,408624992.0
ANRO,428715456.0
ANSC,459927936.0
ANTA,225961472.0
ANTX,33796808.0
ANVS,80303752.0
ANY,15808859.0
AOMR,221485792.0
AON,75473616896.0
AORT,2137557248.0
AOS,8871604224.0
AOSL,525173504.0
AOUT,81140592.0
AP,54474720.0
APA,8722833408.0
APAD,282384000.0
APAM,2897055232.0
APD,56326098944.0
APEI,599337856.0
APG,15554881536.0
APGE,4429200896.0
APH,161979269120.0
API,302974816.0
APLD,6414595584.0
APLE,2739602688.0
APLM,45974816.0
APLS,2543156992.0
APLT,40928248.0
APM,10994072.0
APO,72169742336.0
APOG,721240576.0
APP,182408036352.0
APPF,8559343616.0
APPN,3075287808.0
APPS,530464288.0
APRE,6932062.0
APT,47034680.0
APTV,16734840832.0
APUS,48983452.0
APVO,23085176.0
APWC,36903048.0
APXT,396800000.0
APYX,154114880.0
AQB,3839307.0
AQMS,20461748.0
AQN,4612035584.0
AQST,710058112.0
AR,10392438784.0
ARAI,112617472.0
ARAY,112808432.0
ARBB,9920739.0
ARBE,141265648.0
ARCB,1421111808.0
ARCO,1525200512.0
ARCT,192068752.0
ARDT,1185446144.0
ARDX,1435978112.0
ARE,8786425856.0
AREB,6627928.0
AREC,311595456.0
AREN,187459232.0
ARES,46542352384.0
ARHS,1256875904.0
ARI,1351923328.0
ARKO,471262976.0
ARKR,25315230.0
ARL,243895872.0
ARLO,1434075392.0
ARMK,9473146880.0
ARMN,2294144768.0
ARMP,243773232.0
AROC,4079098112.0
AROW,486659712.0
ARQ,149855536.0
ARQQ,396984672.0
ARQT,3205620736.0
ARR,1839607168.0
ARRY,1159355520.0
ARTL,3633999.0
ARTNA,328532576.0
ARTV,85734424.0
ARTW,11084543.0
ARVN,810530240.0
ARW,5401480704.0
ARWR,5551041024.0
ARX,2868133376.0
AS,17058618368.0
ASA,884734976.0
ASAN,2842050560.0
ASB,4003708416.0
ASBP,4521721.0
ASC,522557920.0
ASGN,1819889920.0
ASH,2267015424.0
ASIC,897885440.0
ASIX,387379392.0
ASLE,289244128.0
ASM,716797312.0
ASMB,574636736.0
ASML,395910643712.0
ASNS,5622627.0
ASO,2875553536.0
ASPC,26204294.0
ASPI,800555776.0
ASPN,252900064.0
ASPS,101894456.0
ASR,8941860864.0
ASRT,72189064.0
ASRV,50053380.0
ASST,821961408.0
ASTC,5866108.0
ASTE,968105536.0
ASTH,1054772544.0
ASTI,5844970.0
ASTL,366218976.0
ASTS,20773294080.0
ASUR,221833360.0
ASYS,101629136.0
ATAI,1438234496.0
ATCH,42434284.0
ATEC,2951692544.0
ATEN,1215050112.0
ATER,7758426.0
ATEX,397096192.0
ATGE,3407143168.0
ATGL,355754624.0
ATHA,18142086.0
ATHR,74180808.0
ATI,13610923008.0
ATII,307144192.0
ATKR,2175843840.0
ATLC,775397760.0
ATLN,138713248.0
ATLO,185846304.0
ATLX,98569248.0
ATMC,43194652.0
ATMU,3768311296.0
ATMV,26001004.0
ATNI,302859232.0
ATNM,45234044.0
ATO,28200779776.0
ATOM,66530164.0
ATON,20063464.0
ATOS,101399568.0
ATPC,65035096.0
ATR,7862180864.0
ATRA,92001720.0
ATRC,1646626560.0
ATRO,1785731456.0
ATS,2440305920.0
ATUS,845222656.0
ATXG,5273078.0
ATXS,717556416.0
ATYR,66650504.0
AU,39260045312.0
AUB,4459393024.0
AUBN,88041240.0
AUDC,261823088.0
AUGO,2893635072.0
AUID,22988796.0
AUNA,370064832.0
AUPH,2042210304.0
AUR,7412470784.0
AURA,349267968.0
AURE,157557296.0
AUST,20950292.0
AUUD,3504608.0
AVA,3330545408.0
AVAH,1790370432.0
AVAV,14163777536.0
AVB,25274408960.0
AVBC,299939168.0
AVBH,270156288.0
AVBP,854111360.0
AVD,136647072.0
AVDL,2248056576.0
AVGO,1618118311936.0
AVIR,235942928.0
AVNS,516178240.0
AVNT,2585756928.0
AVNW,276647424.0
AVO,828361856.0
AVPT,2777208320.0
AVR,147075312.0
AVT,3659012608.0
AVTR,7418145792.0
AVTX,306010720.0
AVX,159221776.0
AVXL,307499904.0
AVY,13198960640.0
AWI,7780875776.0
AWK,25888993280.0
AWR,2857124608.0
AWRE,47663344.0
AWX,10996398.0
AX,4282286336.0
AXG,683271168.0
AXGN,1087102336.0
AXIL,32977664.0
AXIN,341708672.0
AXL,722861248.0
AXON,42866528256.0
AXP,237469810688.0
AXR,106065936.0
AXS,7872901632.0
AXSM,7338063872.0
AXTA,6103059456.0
AXTI,472780608.0
AYI,10498613248.0
AYTU,20172652.0
AZ,223374896.0
AZI,11109399.0
AZO,64247906304.0
AZTA,1346312832.0
AZTR,1833365.0
AZZ,2963628288.0
B,63195033600.0
BA,145793908736.0
BAC,381309648896.0
BACC,282837280.0
BACQ,448276192.0
BAER,105531896.0
BAFN,33449926.0
BAH,10064488448.0
BALL,12932515840.0
BALY,818057920.0
BAM,79767355392.0
BANC,2552617472.0
BAND,430049056.0
BANF,3565089536.0
BANL,12886908.0
BANR,2039794048.0
BAOS,3989668.0
BAP,19878881280.0
BARK,124061312.0
BATL,18102220.0
BATRA,2644667136.0
BATRK,2425404928.0
BAX,9134772224.0
BAYA,38856796.0
BB,2483369472.0
BBAI,2431590400.0
BBAR,3195507968.0
BBBY,397927456.0
BBCP,304884800.0
BBDC,918037440.0
BBGI,7035577.0
BBIO,12892220416.0
BBLG,2920888.0
BBNX,1195709056.0
BBOT,1098244608.0
BBSI,899905408.0
BBT,2039388288.0
BBUC,2213785344.0
BBVA,119264829440.0
BBW,651579904.0
BBWI,4539073024.0
BBY,15777030144.0
BC,4055736064.0
BCAB,59896020.0
BCAL,593446144.0
BCAR,425039264.0
BCAX,824468416.0
BCBP,128350128.0
BCC,2488542464.0
BCDA,12947536.0
BCE,21485395968.0
BCG,24405618.0
BCH,18582091776.0
BCML,303351808.0
BCO,4501610496.0
BCPC,5047755776.0
BCRX,1480118912.0
BCS,74226696192.0
BCSF,879617024.0
BCTX,15238193.0
BCX,777237504.0
BDC,4313807872.0
BDCI,351983744.0
BDL,57506540.0
BDMD,47750508.0
BDSX,63360000.0
BDTX,228469408.0
BDX,54740111360.0
BE,25332666368.0
BEAG,329778528.0
BEAM,2234478336.0
BEAT,52839844.0
BEEM,32876222.0
BEEP,126477000.0
BELFA,1629725568.0
BELFB,1796027520.0
BEN,11232125952.0
BENF,56320276.0
BEPC,7650341376.0
BETA,6391995392.0
BETR,807908224.0
BF-A,12972334080.0
BF-B,13146597376.0
BFAM,5479034368.0
BFC,1189544960.0
BFH,2735087872.0
BFIN,136569024.0
BFLY,497626176.0
BFRG,10450751.0
BFRI,9109784.0
BFS,1026530112.0
BFST,718172736.0
BG,18799826944.0
BGC,4123450112.0
BGI,21358210.0
BGIN,359772320.0
BGL,149398080.0
BGLC,8408078.0
BGM,1825672704.0
BGMS,3555153.0
BGS,359216832.0
BGSF,43679172.0
BGSI,4355558912.0
BH,954470528.0
BH-A,952687360.0
BHAT,47634904.0
BHB,488641440.0
BHC,2273921792.0
BHE,1529795968.0
BHF,3751575296.0
BHFAL,3547504896.0
BHR,203081248.0
BHRB,894648000.0
BHST,149451216.0
BHVN,1097333888.0
BIAF,7107962.0
BIIB,24158928896.0
BILL,4981802496.0
BIO,8201968640.0
BIO-B,9724547072.0
BIOA,297955360.0
BIOX,97687632.0
BIPC,5366839296.0
BIRD,40162020.0
BIRK,7267966976.0
BITF,1596455680.0
BIVI,10627847.0
BIYA,7373726.0
BJ,12235819008.0
BJDX,2594210.0
BJRI,802001536.0
BK,75298562048.0
BKD,2493308416.0
BKE,2834607616.0
BKH,5248419840.0
BKHA,46520060.0
BKKT,403605344.0
BKNG,155697414144.0
BKR,47246733312.0
BKSY,472942720.0
BKTI,243098864.0
BKU,2879897344.0
BKV,2520974592.0
BKYI,9698594.0
BL,3248492032.0
BLBD,1585397248.0
BLBX,30320122.0
BLCO,5312846848.0
BLD,11356269568.0
BLDP,875149504.0
BLDR,10993921024.0
BLFS,1156034688.0
BLFY,168096032.0
BLIN,11506464.0
BLIV,39113288.0
BLK,158843502592.0
BLKB,2802851840.0
BLLN,4237011968.0
BLMN,567545792.0
BLMZ,2034057.0
BLND,776643264.0
BLNE,46966104.0
BLNK,160394160.0
BLSH,5372252672.0
BLUW,325018496.0
BLX,1617676800.0
BLZE,262436720.0
BLZR,348218752.0
BMBL,567446784.0
BMEA,82016224.0
BMGL,21040040.0
BMHL,90596528.0
BMI,5145129472.0
BMNR,8812774400.0
BMO,88300929024.0
BMR,30438514.0
BMRA,6750842.0
BMRC,408776416.0
BMRN,10462546944.0
BMY,95293603840.0
BN,96483057664.0
BNAI,17604556.0
BNBX,16257865.0
BNC,210676256.0
BNED,240420160.0
BNGO,14520398.0
BNKK,24001842.0
BNL,3598624256.0
BNRG,4631760.0
BNT,13032750080.0
BNTC,455446208.0
BNZI,7979236.0
BOC,399773152.0
BODI,53585560.0
BOF,35114784.0
BOH,2510041344.0
BOKF,6562120704.0
BOLD,26415020.0
BOLT,8656679.0
BON,17900342.0
BOOM,117777552.0
BOOT,5235400704.0
BORR,904470592.0
BOSC,30622442.0
BOTJ,75873752.0
BOW,963101632.0
BOX,4455238656.0
BOXL,5254340.0
BP,93293125632.0
BPOP,7443574784.0
BPRN,218305120.0
BQ,7512989.0
BR,26236854272.0
BRAG,54913220.0
BRBI,409089504.0
BRBR,3253655808.0
BRBS,376795200.0
BRC,3459243264.0
BRCB,369494464.0
BRCC,138722880.0
BRFH,49345076.0
BRIA,45500000.0
BRID,69210848.0
BRK-A,1086950408192.0
BRK-B,1085700308992.0
BRKR,6346582016.0
BRLS,69918656.0
BRLT,197221680.0
BRN,11584564.0
BRO,27556073472.0
BROS,8496116736.0
BRR,345489088.0
BRSL,3078000128.0
BRSP,700667328.0
BRT,272752448.0
BRTX,9892865.0
BRX,7946355712.0
BRY,263864128.0
BRZE,3001989888.0
BSAA,74734952.0
BSAC,13798968320.0
BSBK,108937048.0
BSET,126694120.0
BSLK,6494344.0
BSRR,389497216.0
BSVN,382011520.0
BSX,150853304320.0
BSY,12703919104.0
BTAI,35953644.0
BTBD,9250550.0
BTBT,739295296.0
BTCS,122534576.0
BTCT,15417500.0
BTDR,2357144064.0
BTE,2324054784.0
BTG,5331189760.0
BTM,140677632.0
BTMD,123456360.0
BTOC,24925530.0
BTOG,22344630.0
BTQ,815174080.0
BTSG,5655848448.0
BTTC,22605048.0
BTU,3457088000.0
BULL,4030149376.0
BUR,1818963456.0
BURL,17293025280.0
BURU,28503000.0
BUSE,1960028416.0
BUUU,133233248.0
BV,1126445952.0
BVFL,168474384.0
BVN,5851857408.0
BVS,472853920.0
BW,712151616.0
BWA,9397943296.0
BWB,450458656.0
BWEN,64976928.0
BWFG,343850400.0
BWIN,2002358400.0
BWLP,2005290240.0
BWMN,583215872.0
BWMX,519073120.0
BWXT,16107563008.0
BX,170004381696.0
BXC,420665760.0
BXP,12225319936.0
BY,1216796544.0
BYAH,9152864.0
BYD,6215077888.0
BYFC,55571704.0
BYND,471712960.0
BYRN,385197504.0
BYSI,82681256.0
BZ,9518593024.0
BZAI,260267216.0
BZFD,35351200.0
BZH,592567232.0
C,180757774336.0
CAAP,3693916416.0
CAAS,123699872.0
CABA,230073840.0
CABO,603076608.0
CABR,11735622.0
CAC,648798080.0
CACC,4732179456.0
CACI,12945554432.0
CADE,6940717056.0
CADL,259668976.0
CAE,8325076992.0
CAEP,357114400.0
CAG,8189380608.0
CAH,48987344896.0
CAI,6689702912.0
CAKE,2210478848.0
CAL,336059904.0
CALC,45272128.0
CALM,4268450560.0
CALX,3787037696.0
CAMP,187055728.0
CAMT,4388068352.0
CANG,288942336.0
CAPN,82449896.0
CAPR,260138128.0
CAPS,8538702.0
CAPT,31576106.0
CAR,4556250624.0
CARE,384480384.0
CARG,3471129088.0
CARL,327358720.0
CARR,45214842880.0
CARS,689418496.0
CART,10671884288.0
CARV,16616809.0
CASH,1513692928.0
CASI,18436410.0
CASS,540534656.0
CASY,19941799936.0
CAT,259637379072.0
CATO,66083196.0
CATX,164286960.0
CATY,3120949504.0
CAVA,5246052352.0
CB,117844877312.0
CBAN,280777440.0
CBAT,79426672.0
CBFV,163705536.0
CBIO,219348080.0
CBK,323272512.0
CBL,983056384.0
CBLL,478163424.0
CBNA,198298128.0
CBNK,441785536.0
CBOE,26984679424.0
CBRE,44463370240.0
CBRL,612166400.0
CBSH,6840932864.0
CBT,3162955520.0
CBU,2890225152.0
CBUS,62933364.0
CBZ,2709190912.0
CC,1686284416.0
CCAP,486821600.0
CCB,1550080640.0
CCBG,673535872.0
CCC,4571812864.0
CCCC,242286048.0
CCCX,769819520.0
CCEC,1242501248.0
CCEL,32740966.0
CCEP,40517746688.0
CCG,80155192.0
CCHH,110880008.0
CCI,39432626176.0
CCII,353872032.0
CCIX,390092640.0
CCJ,36255215616.0
CCK,11058008064.0
CCL,34385170432.0
CCLD,131854792.0
CCNE,717156928.0
CCO,890176256.0
CCOI,909880128.0
CCRN,381325856.0
CCS,1674533248.0
CCSI,417937024.0
CCTG,5895338.0
CCU,2439600128.0
CCZ,60622974976.0
CD,643798016.0
CDE,9286470656.0
CDIO,5271758.0
CDLX,68651816.0
CDNA,825549952.0
CDNS,84823408640.0
CDP,3312329472.0
CDRE,1712291456.0
CDRO,250568064.0
CDT,2964027.0
CDTG,5193755.0
CDTX,6850953728.0
CDW,18379960320.0
CDXS,141809280.0
CDZI,476053664.0
CE,4044015872.0
CECO,1690810496.0
CEG,105802399744.0
CELC,3913015808.0
CELH,10352657408.0
CELU,43041056.0
CELZ,7870622.0
CENN,7729821.0
CENT,1951518080.0
CENTA,1814147968.0
CENX,2617308928.0
CEP,176128000.0
CEPF,587035008.0
CEPO,264179984.0
CEPT,333321984.0
CEPV,325529600.0
CERS,293893888.0
CERT,1301263360.0
CET,1397014400.0
CETX,2364758.0
CETY,79373272.0
CEVA,566339840.0
CF,13069598720.0
CFBK,146756976.0
CFFI,216221344.0
CFFN,793403008.0
CFG,21442357248.0
CFLT,7926980096.0
CFR,7712601600.0
CG,18584397824.0
CGAU,2386622208.0
CGC,386880288.0
CGCT,349484992.0
CGEM,518098816.0
CGEN,149671408.0
CGNT,609292096.0
CGNX,6030177792.0
CGON,3145212928.0
CGTL,20801236.0
CGTX,134176864.0
CHAC,353222976.0
CHAI,45223804.0
CHAR,114035992.0
CHCI,130626216.0
CHCO,1701693312.0
CHD,20224393216.0
CHDN,7001211904.0
CHE,6300509696.0
CHEC,172228448.0
CHEF,2352412928.0
CHEK,10882940.0
CHGG,111458560.0
CHH,4260782592.0
CHKP,20817594368.0
CHMG,242114624.0
CHMI,85494296.0
CHNR,4488924.0
CHOW,334439840.0
CHPG,101570696.0
CHPT,188248928.0
CHR,4233289.0
CHRD,5162962944.0
CHRS,136584240.0
CHRW,18032457728.0
CHSN,2381104.0
CHT,32854292480.0
CHTR,27569524736.0
CHWY,14381807616.0
CHYM,6910964224.0
CI,72479244288.0
CIA,282668288.0
CIEN,27111403520.0
CIFR,5669571072.0
CIGI,7093578752.0
CIGL,42686536.0
CIIT,9024711.0
CIM,982018176.0
CINF,25245409280.0
CING,18668110.0
CINT,566579328.0
CIO,277298208.0
CION,519305440.0
CISO,26216384.0
CISS,4566875.0
CIVB,412716256.0
CIVI,2363751168.0
CIX,275913248.0
CJET,1802981.0
CJMB,16759202.0
CKX,21147230.0
CL,63695880192.0
CLAR,125573960.0
CLB,709972736.0
CLBK,1523542016.0
CLBT,4442003456.0
CLCO,522977824.0
CLDI,8023815.0
CLDX,1727686272.0
CLF,6249691136.0
CLFD,416035008.0
CLGN,27085114.0
CLH,10819305472.0
CLIK,7754358.0
CLIR,43686824.0
CLMB,477214976.0
CLMT,1611027712.0
CLNE,473690176.0
CLNN,86702440.0
CLOV,1214193408.0
CLPR,155418032.0
CLPS,25106448.0
CLPT,403953600.0
CLRB,9320757.0
CLRO,8584532.0
CLS,35588878336.0
CLSD,17481634.0
CLSK,2836432384.0
CLST,61150252.0
CLVT,2265378304.0
CLW,293417504.0
CLWT,9105234.0
CLX,12345633792.0
CLYM,128186728.0
CM,80714358784.0
CMA,9735804928.0
CMBM,75693408.0
CMBT,2961836288.0
CMC,6584872960.0
CMCL,557715200.0
CMCO,415123360.0
CMCSA,100501864448.0
CMCT,7253216.0
CMDB,336464832.0
CME,100654219264.0
CMG,40937218048.0
CMI,62941773824.0
CMND,1758714.0
CMP,715794240.0
CMPO,2388727552.0
CMPR,1609833856.0
CMPS,511770816.0
CMPX,869745600.0
CMRC,368935584.0
CMRE,1775175296.0
CMS,22659649536.0
CMSA,6476828160.0
CMT,150337360.0
CMTL,92384496.0
CNA,12393823232.0
CNC,18225489920.0
CNCK,423839072.0
CNDT,314368288.0
CNET,6227993.0
CNEY,8941772.0
CNH,12208004096.0
CNI,59813195776.0
CNK,3476112128.0
CNL,951146432.0
CNM,8907357184.0
CNMD,1289195904.0
CNNE,795109632.0
CNO,3851105792.0
CNOB,1174379392.0
CNP,26232248320.0
CNQ,69478080512.0
CNR,4096617984.0
CNS,3044130048.0
CNSP,3849692.0
CNTB,139199744.0
CNTX,105661048.0
CNTY,44796604.0
CNVS,49149724.0
CNX,5108038144.0
CNXC,2111341568.0
CNXN,1437525376.0
COCH,18771686.0
COCO,2587159296.0
COCP,14058019.0
CODA,90890848.0
CODI,442387488.0
CODX,19029832.0
COEP,73027800.0
COF,128549371904.0
COFS,429678752.0
COGT,5180812800.0
COHN,32105576.0
COHR,21855354880.0
COHU,998288064.0
COIN,71172489216.0
COKE,10634920960.0
COLA,82064512.0
COLB,7703660032.0
COLL,1433241600.0
COLM,2817920000.0
COMM,3657769216.0
COMP,5357704704.0
CON,2466009088.0
COO,14235217920.0
COOK,111292776.0
COOT,29014478.0
COP,110806163456.0
COPL,241792320.0
COR,70765428736.0
CORT,7915524608.0
CORZ,4585806848.0
COSM,21709712.0
COSO,253593760.0
COST,404712783872.0
COTY,2929969152.0
COUR,1351168000.0
COYA,122408064.0
CP,64349138944.0
CPA,5091615744.0
CPAY,19361050624.0
CPB,9157309440.0
CPBI,66623112.0
CPF,765069568.0
CPHC,77967872.0
CPHI,4893003.0
CPIX,28423880.0
CPK,3181962752.0
CPNG,50799067136.0
CPOP,43558792.0
CPRI,2585409280.0
CPRT,40000598016.0
CPRX,2772903424.0
CPS,534048608.0
CPSH,60590164.0
CPSS,178682464.0
CR,10301778944.0
CRAI,1137599616.0
CRAQ,394597024.0
CRBG,14036905984.0
CRBP,197471648.0
CRBU,176654592.0
CRC,3999755776.0
CRCL,19487375360.0
CRCT,966722176.0
CRD-A,545742080.0
CRD-B,544715520.0
CRDF,138762752.0
CRDL,97524120.0
CRDO,25184700416.0
CRE,9964260.0
CREG,4137208.0
CREV,5127988.0
CREX,28401116.0
CRGO,168217584.0
CRGY,2258582016.0
CRH,73161523200.0
CRI,1113117952.0
CRIS,15902489.0
CRK,7206513152.0
CRL,8009326080.0
CRM,226600681472.0
CRMD,786314688.0
CRML,976946496.0
CRMT,148345232.0
CRNC,340925664.0
CRNT,179779936.0
CRNX,4129692928.0
CRON,926644288.0
CROX,4213729280.0
CRS,16557709312.0
CRSP,5272008704.0
CRSR,614938944.0
CRUS,5925787136.0
CRVL,3730436608.0
CRVO,75964824.0
CRVS,665415488.0
CRWD,132951015424.0
CRWS,28849396.0
CRWV,37538258944.0
CSAI,23751672.0
CSAN,6882778112.0
CSBR,93071840.0
CSCO,307479674880.0
CSGP,28396126208.0
CSGS,2231133440.0
CSIQ,1906365056.0
CSL,12832061440.0
CSPI,108000952.0
CSR,1178514560.0
CSTE,34225560.0
CSTL,990955008.0
CSTM,2080526848.0
CSV,641301696.0
CSW,4054603520.0
CSWC,1178648192.0
CSX,63404056576.0
CTAS,74046185472.0
CTEV,630122816.0
CTGO,336953472.0
CTKB,676404928.0
CTLP,775294912.0
CTM,101235648.0
CTMX,601495616.0
CTNM,325384992.0
CTNT,4256963.0
CTO,557774592.0
CTOR,101886400.0
CTOS,1280061696.0
CTRA,19818743808.0
CTRE,8123665920.0
CTRI,1814648064.0
CTRM,18648344.0
CTRN,318697824.0
CTS,1192311552.0
CTSH,34759139328.0
CTSO,41184296.0
CTVA,43380912128.0
CTW,140400000.0
CTXR,17273348.0
CUB,325373344.0
CUBE,8259179520.0
CUBI,2199057408.0
CUE,45195460.0
CUK,30444550144.0
CULP,48908588.0
CUPR,15772185.0
CURB,2436111104.0
CURI,250329584.0
CURR,194557136.0
CURV,111065864.0
CURX,14706047.0
CUZ,4218295808.0
CV,247200944.0
CVAC,1188912128.0
CVBF,2506212864.0
CVCO,4325093888.0
CVE,34019641344.0
CVEO,267729248.0
CVGI,55280732.0
CVGW,352424608.0
CVI,3648255488.0
CVKD,24287386.0
CVLG,466628896.0
CVLT,5595248128.0
CVM,51956816.0
CVNA,71132651520.0
CVR,8791802.0
CVRX,243491904.0
CVS,99536199680.0
CVU,30622244.0
CVV,23604704.0
CVX,311934812160.0
CW,20486719488.0
CWAN,6503205888.0
CWBC,404626016.0
CWCO,546285504.0
CWD,11947129.0
CWEN,7401059840.0
CWEN-A,7190828544.0
CWH,642644032.0
CWK,3420799232.0
CWST,5650905088.0
CWT,2709618176.0
CXAI,11486162.0
CXDO,198215248.0
CXM,1713702528.0
CXT,3249513216.0
CXW,1736512384.0
CYBN,303477536.0
CYBR,24355129344.0
CYCN,4452601.0
CYCU,13008861.0
CYD,1344281600.0
CYH,421758560.0
CYN,27591356.0
CYPH,137663968.0
CYRX,426086400.0
CYTK,8185636352.0
CZFS,258535024.0
CZNC,338645408.0
CZR,4286705664.0
CZWI,158033440.0
D,52515667968.0
DAAQ,236900000.0
DAC,1743994752.0
DAIC,59131996.0
DAIO,24885436.0
DAKT,897437056.0
DAL,36409200640.0
DAN,2629630208.0
DAR,5446346752.0
DARE,24397898.0
DASH,90789838848.0
DAVE,2621142272.0
DAWN,907651456.0
DAY,11015206912.0
DB,67646484480.0
DBD,2252230144.0
DBGI,47451976.0
DBI,179347392.0
DBRG,1826824192.0
DBX,7767355904.0
DC,456446272.0
DCBO,610981760.0
DCGO,94174720.0
DCI,9889047552.0
DCO,1326013696.0
DCOM,1131596160.0
DCTH,304051104.0
DD,16193396736.0
DDC,100839352.0
DDD,267775056.0
DDI,455396096.0
DDOG,63211909120.0
DDS,9292295168.0
DE,128671391744.0
DEA,1081906560.0
DEC,1166384896.0
DECK,11974276096.0
DEFT,405106240.0
DEI,2334063616.0
DELL,82352259072.0
DENN,316203840.0
DEO,51688546304.0
DERM,208675104.0
DEVS,6607624.0
DFDV,211565808.0
DFH,1671870208.0
DFIN,1230941184.0
DFLI,96629528.0
DFSC,4342558.0
DG,22703937536.0
DGICA,724770112.0
DGICB,697346240.0
DGII,1402104960.0
DGLY,2176550.0
DGNX,2758843136.0
DGX,20820406272.0
DGXX,165430608.0
DH,272705856.0
DHI,41069494272.0
DHIL,345358240.0
DHR,157846405120.0
DHT,2183655936.0
DHX,84498216.0
DIBS,176115008.0
DIN,406321728.0
DINO,10285688832.0
DIOD,2031405312.0
DIS,190023630848.0
DIT,76425768.0
DJCO,526961888.0
DJT,3037974528.0
DJTWW,1596673408.0
DK,2403690240.0
DKI,7639475.0
DKNG,14345803776.0
DKS,18740557824.0
DLB,6201073152.0
DLHC,83441520.0
DLO,3748934656.0
DLPN,21568360.0
DLTH,108978696.0
DLTR,21635495936.0
DLX,856495872.0
DLXY,16513500.0
DMAA,346064512.0
DMAC,333816384.0
DMRC,157623616.0
DNA,471391936.0
DNLI,2547516160.0
DNN,2144524544.0
DNOW,2261357056.0
DNTH,1772923136.0
DNUT,676635008.0
DOC,12015683584.0
DOCN,4075974912.0
DOCS,8861928448.0
DOCU,13067399168.0
DOGZ,159291552.0
DOLE,1336083712.0
DOMH,73977448.0
DOMO,476632960.0
DOOO,4676403200.0
DORM,3930356224.0
DOUG,212277344.0
DOV,24694437888.0
DOW,15402329088.0
DOX,8254899712.0
DPRO,164490976.0
DPZ,13736752128.0
DRCT,4670581.0
DRDB,320466688.0
DRDBW,18669000.0
DRH,1782821632.0
DRI,20029837312.0
DRIO,94551536.0
DRMA,1935621.0
DRS,9122717696.0
DRTS,324014592.0
DRUG,411141056.0
DRVN,2315515392.0
DSGN,423240704.0
DSGR,1223513600.0
DSGX,6913512448.0
DSP,617276224.0
DSS,9638069.0
DSWL,57844924.0
DSX,206080320.0
DSY,47518720.0
DT,13613006848.0
DTCK,16141011.0
DTE,28577183744.0
DTI,87644960.0
DTIL,123728800.0
DTM,11678267392.0
DTSQ,95270792.0
DTSS,9660474.0
DTST,28541374.0
DTW,3849795072.0
DUK,97347633152.0
DUO,12546523.0
DUOL,8240950784.0
DUOT,164658128.0
DV,1675554560.0
DVA,8384804864.0
DVAX,1308114176.0
DVLT,530995936.0
DVN,22262435840.0
DVS,358713984.0
DWSN,64268948.0
DWTX,13002234.0
DX,1982093568.0
DXC,2230323456.0
DXCM,22937161728.0
DXLG,47767416.0
DXPE,1364914560.0
DXST,28925000.0
DXYZ,320589888.0
DY,8505845760.0
DYAI,32207142.0
DYCQ,31994336.0
DYN,2890771712.0
E,56967430144.0
EA,50072952832.0
EAF,328948192.0
EAI,989403008.0
EARN,195683408.0
EAT,5380175872.0
EB,256885664.0
EBAY,37547122688.0
EBC,3857889024.0
EBF,421853152.0
EBMT,126598672.0
EBON,22987058.0
EBS,538846144.0
ECBK,154096720.0
ECC,750980992.0
ECCX,447925728.0
ECDA,1030570.0
ECG,4439102464.0
ECL,72454815744.0
ECO,1260705408.0
ECOR,42058452.0
ECPG,1106175872.0
ECVT,950813376.0
ECX,626126336.0
ED,37483163648.0
EDBL,3539167.0
EDHL,25366990.0
EDIT,251856128.0
EDRY,37807084.0
EDSA,12737858.0
EDTK,17183100.0
EDUC,10814833.0
EE,3107343872.0
EEFT,2973399808.0
EEIQ,7690485.0
EEX,754276736.0
EFC,1459503488.0
EFOI,12264245.0
EFSC,1924197120.0
EFSI,187473184.0
EFTY,302052224.0
EFX,25238214656.0
EFXT,1576232832.0
EG,13446830080.0
EGAN,299185792.0
EGBN,479865536.0
EGG,117621832.0
EGHA,207870000.0
EGHT,259257488.0
EGO,5552529920.0
EGP,9472052224.0
EGY,385755552.0
EH,1067535424.0
EHAB,405016160.0
EHC,11268988928.0
EHGO,9867371.0
EHLD,19913476.0
EHTH,115983232.0
EIC,302264160.0
EIG,918362752.0
EIX,22225301504.0
EJH,19087684.0
EKSO,10912653.0
EL,31023413248.0
ELA,263807216.0
ELAB,3876813.0
ELAN,10642816000.0
ELBM,81477448.0
ELDN,121555512.0
ELF,4340960256.0
ELLO,281103520.0
ELMD,206304496.0
ELME,1470528128.0
ELOG,26677740.0
ELPW,13491687.0
ELS,12530427904.0
ELSE,16037953.0
ELTK,76606024.0
ELTX,142469840.0
ELUT,30961318.0
ELV,74513752064.0
ELVA,211175280.0
ELVN,1291397632.0
ELVR,646935488.0
ELWT,46468988.0
EMA,14689195008.0
EMBC,836922112.0
EMBJ,11590344704.0
EME,27369850880.0
EMIS,156969536.0
EML,116336024.0
EMN,6601715712.0
EMP,182686864.0
EMPD,185397472.0
EMPG,143046400.0
EMR,71436206080.0
ENB,104462229504.0
ENGN,412605696.0
ENGS,26718300.0
ENJ,184661840.0
ENLT,4987721216.0
ENLV,23687940.0
ENO,189470304.0
ENOV,1618459392.0
ENPH,3602567936.0
ENR,1721796992.0
ENS,5019069952.0
ENSC,5818150.0
ENSG,10285124608.0
ENTA,369894464.0
ENTG,11338164224.0
ENTO,8045332.0
ENTX,122377864.0
ENVA,3019272448.0
ENVB,2575941.0
ENVX,1621585280.0
EOG,59775361024.0
EOLS,450497472.0
EONR,21076432.0
EOSE,3747152896.0
EP,99457800.0
EPAC,2037752192.0
EPAM,9901797376.0
EPC,837127872.0
EPD,68746608640.0
EPM,141236032.0
EPOW,37757812.0
EPR,3835950592.0
EPRX,338164352.0
EPSM,19082010.0
EPSN,105260600.0
EPWK,50718732.0
EQ,62478384.0
EQBK,782942848.0
EQH,12856104960.0
EQIX,76278800384.0
EQNR,60968669184.0
EQR,23239829504.0
EQS,26085452.0
EQT,36844916736.0
EQX,9770466304.0
ERAS,814252864.0
ERIE,15021833216.0
ERII,771376576.0
ERNA,11851824.0
ERO,2239314688.0
ES,27775252480.0
ESAB,6505787392.0
ESCA,179586720.0
ESE,5585105408.0
ESEA,431257024.0
ESGL,161086704.0
ESHA,44487152.0
ESI,6035478016.0
ESLA,68941992.0
ESLT,23336951808.0
ESNT,5928776192.0
ESOA,164001728.0
ESP,112443416.0
ESPR,668535232.0
ESQ,816077184.0
ESTA,1913169920.0
ESTC,9292462080.0
ETD,556765888.0
ETHM,226866656.0
ETHZ,197436000.0
ETN,133432573952.0
ETO,459687264.0
ETON,462870688.0
ETOR,3224277760.0
ETR,42667868160.0
ETS,8978525.0
ETSY,5413309952.0
EU,462506368.0
EUDA,104616968.0
EURK,52325424.0
EVAC,592613056.0
EVC,251094560.0
EVCM,1510051968.0
EVER,909170112.0
EVEX,1365353984.0
EVGN,10926254.0
EVGO,902389376.0
EVH,448808288.0
EVI,264595040.0
EVLV,1005797312.0
EVMN,585008576.0
EVOK,18412552.0
EVR,11467674624.0
EVRG,17754116096.0
EVTC,1811382528.0
EVTL,393161952.0
EVTV,3894192.0
EW,49750855680.0
EWBC,13716021248.0
EWCZ,203325632.0
EWTX,2356631296.0
EXAS,12722998272.0
EXC,47065403392.0
EXE,27861092352.0
EXEL,11419571200.0
EXFY,138627984.0
EXK,2212214784.0
EXLS,6261864960.0
EXOD,468900096.0
EXOZ,125137784.0
EXP,6457734656.0
EXPD,19303245824.0
EXPE,30206398464.0
EXPI,1666197120.0
EXPO,3479023104.0
EXR,28930070528.0
EXTR,2277225728.0
EYE,1939911808.0
EYPT,1087410048.0
EZGO,1254188.0
EZPW,1090649728.0
F,51320344576.0
FA,2176436992.0
FACT,251240672.0
FAF,6320857088.0
FAMI,8551723.0
FANG,42372079616.0
FARM,32835058.0
FAST,45577019392.0
FAT,23048236.0
FATBB,39884004.0
FATE,112237776.0
FATN,30216096.0
FBGL,8244450.0
FBIN,5567211520.0
FBIO,77659896.0
FBIZ,419043136.0
FBK,2806065408.0
FBLA,241422384.0
FBLG,17237786.0
FBNC,1998214144.0
FBP,3122739200.0
FBRX,180152048.0
FBYD,444187360.0
FC,185329120.0
FCAP,150980304.0
FCBC,579117312.0
FCCO,207314176.0
FCEL,313708352.0
FCF,1609897472.0
FCFS,6859205632.0
FCHL,5907500.0
FCN,5220020736.0
FCNCA,22908979200.0
FCRS,320000000.0
FCUV,19870240.0
FCX,56001294336.0
FDBC,249032096.0
FDMT,625629056.0
FDP,1674805120.0
FDS,10239965184.0
FDSB,72071888.0
FDX,62464491520.0
FE,26896107520.0
FEAM,91125024.0
FEBO,7716093.0
FEIM,267958720.0
FELE,4098960640.0
FEMY,41370876.0
FENC,243527360.0
FER,45182849024.0
FERA,326736672.0
FERG,47322124288.0
FET,356860224.0
FF,142360544.0
FFAI,150155024.0
FFBC,2292786176.0
FFIC,501609856.0
FFIN,4276134144.0
FFIV,13188870144.0
FFWM,395358592.0
FG,4188924160.0
FGBI,78530320.0
FGEN,35195372.0
FGI,10262969.0
FGL,6313851.0
FGMC,103060960.0
FGNX,3201817.0
FHB,2915038208.0
FHI,3719780608.0
FHN,10454523904.0
FHTX,272011680.0
FIBK,3056060672.0
FICO,42252435456.0
FIEE,10451295.0
FIG,18525218816.0
FIGR,9039087616.0
FIGS,1510098176.0
FIGX,196184096.0
FIHL,1936797824.0
FINW,244428704.0
FIP,489599712.0
FIS,33395662848.0
FISI,574123200.0
FISV,34083291136.0
FITB,27180804096.0
FIVE,8146087936.0
FIVN,1464204416.0
FIX,32452585472.0
FIZZ,3048275456.0
FKWL,58685716.0
FLD,144922912.0
FLEX,21969944576.0
FLG,4456903168.0
FLGC,5522394.0
FLGT,890585984.0
FLL,82718224.0
FLNC,3144581376.0
FLNG,1435489408.0
FLNT,53289148.0
FLO,2337742848.0
FLOC,1532207872.0
FLR,6647638528.0
FLS,8581931008.0
FLUT,33437116416.0
FLUX,31427064.0
FLWS,203734128.0
FLXS,185794160.0
FLY,3102211840.0
FLYE,7190511.0
FLYW,1659751168.0
FLYX,258603024.0
FMAO,325048672.0
FMBH,863891520.0
FMC,1617714816.0
FMFC,11466780.0
FMNB,486855680.0
FMST,29722798.0
FMX,32311185408.0
FN,14927048704.0
FNB,5523627520.0
FND,6119470592.0
FNF,15534377984.0
FNGD,3214852608.0
FNGR,77439424.0
FNKO,167513568.0
FNLC,279248864.0
FNV,37762146304.0
FNWB,82929352.0
FNWD,152094064.0
FOA,250945456.0
FOFO,76751872.0
FOLD,2906385920.0
FONR,90603416.0
FOR,1186446208.0
FORA,69581160.0
FORM,3802213376.0
FORR,139115072.0
FOSL,96275808.0
FOUR,5995090944.0
FOX,27341191168.0
FOXA,28656504832.0
FOXF,552613952.0
FOXX,14917316.0
FPH,924429376.0
FPI,429371968.0
FRAF,214904192.0
FRBA,376590112.0
FRD,145728624.0
FRGE,605242624.0
FRGT,2339204.0
FRHC,8240077312.0
FRME,2023297536.0
FRMI,11267366912.0
FRO,5632358912.0
FROG,6728450560.0
FRPH,445773952.0
FRPT,2574151680.0
FRSH,3433029632.0
FRST,260491136.0
FSBC,709846720.0
FSBW,295725376.0
FSCO,1253609088.0
FSEA,55235168.0
FSFG,201336752.0
FSHP,94479576.0
FSI,89524552.0
FSK,4287817216.0
FSLR,27206905856.0
FSLY,1556748032.0
FSM,2533253888.0
FSP,103120040.0
FSS,6510166016.0
FSTR,280838624.0
FSUN,840855104.0
FSV,6901357568.0
FTAI,15673143296.0
FTCI,143427920.0
FTDR,3576905472.0
FTEK,55623244.0
FTEL,1951193.0
FTFT,21765578.0
FTHM,34243036.0
FTI,17285142528.0
FTK,425919360.0
FTLF,165282896.0
FTNT,62787842048.0
FTRE,904595968.0
FTRK,10129725.0
FTS,26351556608.0
FTV,17092752384.0
FTW,465782624.0
FUBO,1151553664.0
FUFU,472809728.0
FUL,3043581696.0
FULC,522242912.0
FULT,3101237248.0
FUN,1417596672.0
FUNC,229016000.0
FURY,97932408.0
FUSB,77276296.0
FUSE,46111824.0
FVCB,220422352.0
FVN,79589200.0
FVR,312245888.0
FVRR,754169920.0
FWONA,24232992768.0
FWONK,24437800960.0
FWRD,656525376.0
FWRG,1007029696.0
FXNC,211716416.0
FYBR,9465280512.0
G,7622573568.0
GABC,1429230208.0
GAIA,98173808.0
GAIN,537209408.0
GALT,386875264.0
GAM,1333497088.0
GAMB,172492112.0
GAME,46578836.0
GANX,102199616.0
GAP,8867790848.0
GASS,256413472.0
GATX,5447796736.0
GAU,562407488.0
GAUZ,37861136.0
GBCI,5221043712.0
GBFH,496694688.0
GBIO,36384656.0
GBLI,392762816.0
GBR,4155840.0
GBTG,3779729152.0
GBX,1290477184.0
GCBC,369141632.0
GCI,669344832.0
GCL,198568224.0
GCLWW,858000.0
GCMG,2091187072.0
GCO,331959328.0
GCT,1126215296.0
GCTK,4735577.0
GCTS,74852272.0
GD,92321767424.0
GDC,267102400.0
GDDY,17332432896.0
GDEN,783387328.0
GDEV,373661152.0
GDHG,11672825.0
GDOT,587477568.0
GDRX,990232448.0
GDTC,23232750.0
GDYN,686922176.0
GE,318269685760.0
GEF,3503958016.0
GEF-B,2994584320.0
GEG,80371064.0
GEHC,32246976512.0
GELS,9428349.0
GEMI,1361253504.0
GEN,16120957952.0
GENC,192602208.0
GENI,2260660480.0
GENK,83343976.0
GEO,2066405504.0
GEOS,293594080.0
GERN,721341440.0
GES,881364288.0
GETY,602997312.0
GEV,157078667264.0
GEVO,462809792.0
GFAI,17712582.0
GFF,3140861184.0
GFL,16056207360.0
GFR,342149216.0
GFS,18315270144.0
GGB,6920016384.0
GGG,13144157184.0
GGR,55105016.0
GH,12530284544.0
GHC,4528674816.0
GHLD,1241142784.0
GHM,610380864.0
GHRS,874614528.0
GIB,19260807168.0
GIBO,6437639.0
GIC,1032408448.0
GIFI,188889712.0
GIFT,33441026.0
GIG,350000000.0
GIGM,17241486.0
GIII,1178351104.0
GIL,8474100224.0
GILD,153971720192.0
GILT,748753856.0
GIPR,5178652.0
GIS,25114195968.0
GITS,5447448.0
GIW,468136224.0
GKOS,5077231104.0
GL,10646294528.0
GLBE,5962477568.0
GLBS,24390026.0
GLBZ,13051036.0
GLDD,818031616.0
GLDG,271433984.0
GLE,10089012.0
GLIBA,977735424.0
GLIBK,978596288.0
GLMD,5753192.0
GLNG,3816000768.0
GLOB,2593882368.0
GLPI,12441047040.0
GLRE,440814176.0
GLSI,114022848.0
GLTO,30326794.0
GLU,109127888.0
GLUE,886252672.0
GLW,69497626624.0
GLXG,8190139.0
GLXY,10113181696.0
GM,64655609856.0
GME,9182128128.0
GMED,11296188416.0
GMGI,115221856.0
GMHS,50890892.0
GMM,45830484.0
GMRE,879021056.0
GNE,389148800.0
GNK,760647232.0
GNL,1736810496.0
GNLN,13247922.0
GNLX,199771808.0
GNPX,6592637.0
GNRC,8245697536.0
GNS,67511224.0
GNSS,102049176.0
GNTX,4912171520.0
GNW,3394288640.0
GO,1092267392.0
GOCO,69339984.0
GOGO,919579328.0
GOLF,4600807936.0
GOOG,3447715790848.0
GOOGL,3452196880384.0
GOOS,1235659136.0
GORO,115015400.0
GORV,4221291.0
GOSS,692054144.0
GOVX,12179197.0
GP,4310414.0
GPAT,382748768.0
GPC,17608607744.0
GPI,4840305152.0
GPJA,211254816.0
GPK,4606667264.0
GPN,17608423424.0
GPOR,4061168384.0
GPRE,704635584.0
GPRK,398329344.0
GPRO,245981536.0
GPUS,78291040.0
GRAB,21783709696.0
GRAF,307050016.0
GRAL,3311150080.0
GRAN,59525944.0
GRBK,2683610112.0
GRC,1157501952.0
GRCE,45522080.0
GRDN,1793888512.0
GREE,18964836.0
GRI,4024488.0
GRMN,36535353344.0
GRND,2662729984.0
GRNQ,13568817.0
GRNT,672006528.0
GRO,107675264.0
GROV,54957260.0
GROW,30200694.0
GROY,634847232.0
GRPN,694869376.0
GRRR,286082976.0
GRWG,92757336.0
GS,234778361856.0
GSAT,7507565568.0
GSBC,637842496.0
GSBD,1084074368.0
GSHD,2567845120.0
GSHR,209450064.0
GSIT,260788608.0
GSIW,31478900.0
GSL,1241599360.0
GSM,706447936.0
GSRF,295231232.0
GSUN,14327343.0
GT,2126175360.0
GTBP,7310216.0
GTE,146124416.0
GTEC,20525188.0
GTEN,463370976.0
GTERA,284902816.0
GTES,5524617216.0
GTIM,13555721.0
GTLB,7111328768.0
GTLS,9149723648.0
GTM,3065228032.0
GTN,545175808.0
GTN-A,888153856.0
GTX,3317931776.0
GTY,1633559040.0
GUTS,195973552.0
GV,4949723.0
GVA,4442543104.0
GVH,6134974.0
GWAV,3590703.0
GWH,50415872.0
GWRE,18427846656.0
GWRS,244952256.0
GWW,44171640832.0
GXAI,8263205.0
GXO,5504652288.0
GYRE,772592000.0
GYRO,21069380.0
H,14223444992.0
HAE,3580533760.0
HAFC,782372992.0
HAFN,3273730048.0
HAIN,114114688.0
HAL,22696269824.0
HALO,8297644032.0
HAO,7374445.0
HAS,10811564032.0
HASI,4160613376.0
HAYW,3315838720.0
HBAN,23981078528.0
HBB,186916272.0
HBCP,410429600.0
HBI,2292637952.0
HBIO,29863916.0
HBM,6072958464.0
HBNB,1422475776.0
HBNC,801842432.0
HBT,721106432.0
HCA,111638298624.0
HCAI,17246344.0
HCAT,158437168.0
HCC,4100997888.0
HCHL,58020240.0
HCI,2251806464.0
HCKT,502345184.0
HCMA,345092000.0
HCSG,1232464640.0
HCTI,10924346.0
HCWB,7767256.0
HCWC,9212707.0
HCXY,1345341440.0
HD,356378279936.0
HDB,188825321472.0
HDSN,289957984.0
HE,2014481024.0
HEI,43276509184.0
HEI-A,37366185984.0
HELE,404155776.0
HESM,6841777152.0
HFBL,48284344.0
HFFG,117226872.0
HFWA,729051072.0
HG,2553374976.0
HGBL,42384696.0
HGTY,4593364992.0
HGV,3376610048.0
HHH,4935455744.0
HHS,20538980.0
HI,2230985216.0
HIFS,554069696.0
HIG,37131526144.0
HIHO,6166447.0
HII,12154640384.0
HIMS,8099734528.0
HIND,27476884.0
HIPO,799071616.0
HIT,82993440.0
HITI,229102480.0
HIVE,846254720.0
HIW,3055051520.0
HKIT,48929936.0
HKPD,12979999.0
HL,9367979008.0
HLF,909134336.0
HLI,12224366592.0
HLIO,1732951168.0
HLIT,1057963584.0
HLLY,465128704.0
HLMN,1630523648.0
HLNE,7123205120.0
HLP,114564448.0
HLT,62573297664.0
HLX,944259456.0
HMC,37627990016.0
HMN,1857675648.0
HMR,69491520.0
HMY,10482391040.0
HNGE,3214900992.0
HNI,1754437760.0
HNNA,77875600.0
HNRG,887456384.0
HNST,271651328.0
HNVR,157363392.0
HOFT,111370336.0
HOG,2903897344.0
HOLO,46324064.0
HOLX,16501081088.0
HOMB,5155306496.0
HON,132132372480.0
HOOD,104278933504.0
HOPE,1261352576.0
HOTH,15513061.0
HOUR,68584552.0
HOUS,1403876352.0
HOV,655323136.0
HOVR,77172232.0
HOWL,44627860.0
HP,2745533696.0
HPAI,98402368.0
HPE,28011925504.0
HPK,701295488.0
HPP,1444606976.0
HPQ,21481170944.0
HQH,1020149824.0
HQI,129014992.0
HQL,495450656.0
HQY,8662236160.0
HRB,5598057472.0
HRI,4264844800.0
HRL,12253966336.0
HRMY,1957700352.0
HROW,1492238976.0
HRTG,936110272.0
HRTX,199865168.0
HRZN,283609216.0
HSBC,244511571968.0
HSCS,9198049.0
HSDT,173286656.0
HSHP,384938080.0
HSIC,8640373760.0
HSII,1219623296.0
HSPO,53568312.0
HSPT,94432000.0
HST,12002012160.0
HSTM,725089280.0
HSY,36298534912.0
HTB,684286912.0
HTBK,626756992.0
HTCO,65991628.0
HTCR,14340787.0
HTFL,2248190208.0
HTGC,3112830464.0
HTH,2039997056.0
HTLD,574660736.0
HTLM,288345312.0
HTO,1685703552.0
HTOO,6210245.0
HTZ,1638978688.0
HUBB,22351089664.0
HUBC,24473972.0
HUBG,2185539072.0
HUBS,19449028608.0
HUDI,16849434.0
HUHU,213195392.0
HUM,28157128704.0
HUMA,211616592.0
HUN,1431717504.0
HURA,96365768.0
HURC,104679176.0
HURN,2767772928.0
HUSA,171028576.0
HUT,4072980992.0
HVII,270382432.0
HVMC,294394112.0
HVT,365027616.0
HVT-A,395787712.0
HWBK,215673408.0
HWC,4764924928.0
HWH,10232712.0
HWKN,2643660032.0
HWM,80612696064.0
HXHX,7823750.0
HXL,5565246976.0
HY,490516736.0
HYAC,329099648.0
HYFM,7803858.0
HYFT,79385208.0
HYLN,288597728.0
HYMC,852569792.0
HYPD,41951136.0
HYPR,105801264.0
HZO,476494752.0
IAC,2617135104.0
IAG,7790371840.0
IART,913893568.0
IAS,1718830336.0
IAUX,834544768.0
IBAC,164578000.0
IBCP,622942144.0
IBEX,473505920.0
IBG,36036000.0
IBIO,22280060.0
IBKR,107793039360.0
IBM,277775286272.0
IBN,112168771584.0
IBO,46974932.0
IBOC,3942433536.0
IBP,6639456768.0
IBRX,1999479296.0
IBTA,643569728.0
ICCC,44415128.0
ICCM,48855904.0
ICE,86052364288.0
ICFI,1413114240.0
ICHR,491350688.0
ICL,6982539264.0
ICLR,12170560512.0
ICMB,39830120.0
ICON,2475832.0
ICU,10334625.0
ICUI,3320849664.0
IDA,6908600832.0
IDAI,10397966.0
IDCC,8750096384.0
IDN,125011832.0
IDR,556335936.0
IDT,1291071104.0
IDXX,53523140608.0
IDYA,2922798080.0
IE,1766967552.0
IESC,7140260864.0
IEX,12253758464.0
IFBD,8925546.0
IFF,16691977216.0
IFRX,84006440.0
IFS,4287040512.0
IGC,31266098.0
IGIC,1017709760.0
IHRT,602135744.0
IHS,2097007616.0
III,247724704.0
IIIN,589872128.0
IIIV,953411712.0
IINN,28324912.0
IIPR,1335855232.0
IKT,113265280.0
ILAG,9948583.0
ILLR,74367624.0
ILMN,18456295424.0
IMA,86098904.0
IMAX,1892108544.0
IMCC,5238942.0
IMDX,192051712.0
IMG,28691056.0
IMKTA,1405393792.0
IMMR,207114768.0
IMMX,135654608.0
IMNM,1662707328.0
IMNN,10059616.0
IMO,50214162432.0
IMPP,212552224.0
IMRX,446824192.0
IMSR,948548544.0
IMTE,2803824.0
IMTX,1151168512.0
IMUX,87807848.0
IMVT,4259219456.0
IMXI,447266912.0
INAB,7368690.0
INAC,148281840.0
INBK,150388016.0
INBS,6276971.0
INBX,1120447232.0
INCR,74627760.0
INCY,20450934784.0
INDB,3300290816.0
INDI,733452672.0
INDO,41365428.0
INDP,2511823.0
INDV,3917915136.0
INEO,12781494.0
INFA,7644313600.0
INFU,190369984.0
ING,73366683648.0
INGM,4586267648.0
INGN,182166320.0
INGR,6867355136.0
INHD,8791715.0
INKT,55206960.0
INLF,10724550.0
INLX,40476492.0
INM,4626907.0
INMB,38814476.0
INMD,944054784.0
INN,562541440.0
INNV,674336640.0
INO,136032688.0
INOD,1789629568.0
INR,202404000.0
INSE,199528080.0
INSG,166149824.0
INSM,42100183040.0
INSP,2509972224.0
INSW,2647546880.0
INTA,3392575488.0
INTC,165566693376.0
INTG,77881784.0
INTJ,16820250.0
INTR,3907563520.0
INTS,24854882.0
INTT,95373424.0
INTU,180194181120.0
INTZ,27064060.0
INUV,38704776.0
INV,233927136.0
INVA,1642676224.0
INVE,84090536.0
INVH,17189097472.0
INVX,1489529600.0
INVZ,277682080.0
IOBT,43468228.0
IONQ,16931021824.0
IONS,11866245120.0
IOR,73394512.0
IOSP,1793699200.0
IOT,20908982272.0
IOTR,8054100.0
IOVA,960662528.0
IP,19373723648.0
IPAR,2687665408.0
IPCX,353006912.0
IPDN,8965361.0
IPG,9167647744.0
IPGP,3229824000.0
IPI,335136224.0
IPM,25017906.0
IPOD,206886576.0
IPSC,41492684.0
IPST,96603840.0
IPW,9920506.0
IPWR,31527632.0
IQST,16268780.0
IQV,36805234688.0
IR,29280325632.0
IRBT,56014120.0
IRD,119997720.0
IRDM,1726473472.0
IREN,13439099904.0
IRIX,15955725.0
IRM,26212876288.0
IRMD,1086641152.0
IRON,3384301824.0
IROQ,84100528.0
IRTC,5397028864.0
IRWD,509184160.0
ISBA,292335712.0
ISOU,423239968.0
ISPC,5670127.0
ISPO,30689686.0
ISPR,117414288.0
ISRG,195982704640.0
ISRL,78448440.0
ISSC,147265824.0
ISTR,229139616.0
IT,17183692800.0
ITGR,2351078144.0
ITIC,511721312.0
ITP,3801951.0
ITRG,506222560.0
ITRI,4452351488.0
ITRM,17404128.0
ITRN,734669888.0
ITT,14208480256.0
ITW,70371016704.0
IVA,600755136.0
IVDA,4526225.0
IVF,1998261.0
IVP,1634421.0
IVR,539186304.0
IVT,2157042432.0
IVVD,662068800.0
IVZ,10007427072.0
IXHL,117976480.0
IZEA,85592024.0
IZM,11597477.0
J,18094319616.0
JACK,269264672.0
JACS,308623712.0
JAGX,6743182.0
JAKK,178058560.0
JAMF,1714573056.0
JANX,1727444992.0
JAZZ,10335538176.0
JBDI,19254472.0
JBGS,1119541504.0
JBHT,15516924928.0
JBI,827794624.0
JBIO,579075776.0
JBL,21513136128.0
JBLU,1473028480.0
JBS,15371545600.0
JBSS,792624704.0
JBTM,7055113728.0
JCAP,1285304832.0
JCI,76583542784.0
JCSE,6522722.0
JCTC,9041566.0
JDZG,4986395.0
JEF,10827653120.0
JELD,159753568.0
JEM,5788215.0
JENA,295544992.0
JFB,168935568.0
JFBR,1215666.0
JHG,6526140928.0
JHX,9667721216.0
JILL,205709776.0
JJSF,1635872128.0
JKHY,11890933760.0
JL,18469582.0
JLHL,91585656.0
JLL,13852376064.0
JMSB,274526048.0
JNJ,480847134720.0
JOB,20679104.0
JOBY,12664668160.0
JOE,3300768256.0
JOUT,389152864.0
JPM,825943523328.0
JRSH,40385812.0
JRVR,254191104.0
JSM,5271020032.0
JSPR,50091432.0
JTAI,5917123.0
JUNS,44238016.0
JVA,21521422.0
JWEL,4427769.0
JXG,9658547.0
JXN,6311815168.0
JYD,8037575.0
JYNT,124697272.0
JZXN,13446736.0
K,28993226752.0
KAI,2950658304.0
KALA,4907707.0
KALU,1482872320.0
KALV,751117888.0
KAPA,16097161.0
KAR,2674599680.0
KARO,1327794048.0
KAVL,5287751.0
KB,30846255104.0
KBDC,1031129600.0
KBH,3791972096.0
KBR,5228393472.0
KBSX,65358368.0
KCHV,347712448.0
KD,5575192576.0
KDK,1172214528.0
KDP,36627402752.0
KE,662114432.0
KELYA,301795136.0
KELYB,314517152.0
KEN,3996646400.0
KEP,21711224832.0
KEQU,116466392.0
KEX,5987897856.0
KEY,18772353024.0
KEYS,30206826496.0
KFFB,35177212.0
KFII,404337440.0
KFRC,547740544.0
KFS,361495168.0
KFY,3329446912.0
KG,115393672.0
KGC,30489741312.0
KGEI,146748704.0
KGS,2856233216.0
KHC,28987723776.0
KIDS,409262016.0
KIDZ,11034006.0
KIM,13618394112.0
KINS,203864432.0
KITT,6388146.0
KKR,105573621760.0
KLAC,149290745856.0
KLAR,13177439232.0
KLC,435412288.0
KLIC,1880699520.0
KLRS,101367104.0
KLTO,28508426.0
KLTR,241006720.0
KLXE,29793560.0
KMB,34400444416.0
KMDA,393334432.0
KMI,60379992064.0
KMPR,2288229376.0
KMRK,21311000.0
KMT,1975974144.0
KMTS,1291371264.0
KMX,4818817024.0
KN,1825970560.0
KNDI,86845520.0
KNF,3825397760.0
KNRX,53240448.0
KNSA,3137944576.0
KNSL,9076282368.0
KNTK,2102020992.0
KNX,6793887232.0
KO,304183214080.0
KOD,1047454080.0
KODK,678656000.0
KOP,549274624.0
KOPN,423197344.0
KORE,72246392.0
KOS,655307904.0
KOSS,44918080.0
KOYN,314474624.0
KPLT,27925952.0
KPRX,7686884.0
KPTI,98724568.0
KR,43803029504.0
KRC,4826033664.0
KRMD,207988720.0
KRMN,7711751168.0
KRNT,597185536.0
KRNY,393331584.0
KRO,516588480.0
KROS,529195616.0
KRRO,57916364.0
KRT,426913472.0
KRUS,540656320.0
KRYS,6027375616.0
KSCP,51424852.0
KSPI,14603622400.0
KSS,1792074112.0
KT,8746928128.0
KTB,3890441216.0
KTCC,29428620.0
KTOS,11859371008.0
KTTA,5434555.0
KULR,108108088.0
KURA,944140096.0
KVAC,107412352.0
KVHI,110197408.0
KVUE,31165696000.0
KVYO,8197814272.0
KW,1314228864.0
KWM,88401320.0
KWR,2240427008.0
KXIN,7741337.0
KYIV,2546424576.0
KYMR,4611932160.0
KYTX,309638976.0
KZR,45549716.0
L,21615904768.0
LAB,465324160.0
LAC,1447639168.0
LAD,6917321216.0
LADR,1328143360.0
LAES,737071296.0
LAKE,139635312.0
LAMR,12828578816.0
LAND,349935552.0
LANV,283744896.0
LAR,766348608.0
LARK,154029408.0
LASE,67657480.0
LASR,1497171456.0
LATA,199000000.0
LAUR,4407074816.0
LAW,414319264.0
LAWR,172350000.0
LAZ,4519979008.0
LAZR,70649320.0
LB,4770274304.0
LBGJ,12004344.0
LBRDA,6682267648.0
LBRDK,6689484288.0
LBRT,2607667968.0
LBRX,431349664.0
LBTYA,3661470464.0
LBTYB,3467881216.0
LBTYK,3672488448.0
LC,1866730368.0
LCCC,90474800.0
LCFY,5003509.0
LCID,4185014528.0
LCII,2542982912.0
LCNB,216346336.0
LCTX,400769920.0
LCUT,74316392.0
LDI,858972864.0
LDOS,24221253632.0
LDWY,6447357.0
LE,465685888.0
LEA,5420636672.0
LECO,12187884544.0
LEDS,19322646.0
LEE,28120720.0
LEG,1181004416.0
LEGH,457802208.0
LEGT,280181216.0
LEN,29097842688.0
LEN-B,27243845632.0
LENZ,804152192.0
LEO,399589024.0
LESL,27311984.0
LEU,4473603584.0
LEVI,8099045888.0
LEXX,22448106.0
LFCR,295984192.0
LFMD,224284272.0
LFST,2431251712.0
LFUS,5877047296.0
LFVN,79890464.0
LFWD,9348962.0
LGCB,21884426.0
LGCL,6423463.0
LGCY,106788648.0
LGIH,1058407552.0
LGL,34158508.0
LGN,2347443968.0
LGND,3962914560.0
LGO,75506592.0
LGPS,22626606.0
LGVN,13845039.0
LH,21719846912.0
LHAI,171064192.0
LHSW,94120000.0
LHX,53825302528.0
LICN,53551988.0
LIDR,109483640.0
LIEN,234139264.0
LIF,5471572480.0
LII,16153306112.0
LILA,1634878464.0
LILAK,1628164352.0
LIMN,28688508.0
LIN,195933847552.0
LINC,637219456.0
LIND,634338496.0
LINE,8408174592.0
LINK,59481216.0
LION,1923802624.0
LIQT,18362824.0
LITE,17165811712.0
LITM,39333756.0
LITS,67744792.0
LIVE,32796864.0
LIVN,2929040384.0
LIXT,24014682.0
LKFN,1440538752.0
LKQ,7690492928.0
LKSP,155834800.0
LLY,915909902336.0
LLYVA,7394700288.0
LLYVK,7456977408.0
LMAT,1973454592.0
LMB,803877888.0
LMFA,12617676.0
LMND,5012209664.0
LMNR,239681344.0
LMT,109910679552.0
LNAI,23875654.0
LNC,7477900288.0
LNG,47296294912.0
LNKB,270429760.0
LNKS,4957515.0
LNN,1151405696.0
LNSR,117773216.0
LNT,17505355776.0
LNTH,3569692928.0
LNZA,31041052.0
LOAN,51702708.0
LOAR,5976858624.0
LOB,1360081280.0
LOBO,4682173.0
LOCL,54422604.0
LOCO,305053760.0
LODE,166096160.0
LOGI,16634566656.0
LOKV,295578752.0
LOMA,1390150656.0
LOOP,54769096.0
LOPE,4581305344.0
LOVE,168164656.0
LOW,126185603072.0
LPA,100238784.0
LPAA,303024992.0
LPBB,301300000.0
LPCN,16257141.0
LPG,1091086720.0
LPL,4369999872.0
LPLA,28925542400.0
LPRO,184375520.0
LPSN,53912688.0
LPTH,308903104.0
LPX,5195402240.0
LQDA,2470671616.0
LQDT,695334272.0
LRCX,185951830016.0
LRHC,3509756.0
LRMR,302134080.0
LRN,2751766016.0
LSAK,319948768.0
LSBK,111591664.0
LSCC,8450563584.0
LSE,88531704.0
LSF,26823186.0
LSH,16730457.0
LSPD,1559732096.0
LSTA,18435334.0
LSTR,4284216576.0
LTBR,550960192.0
LTC,1717443840.0
LTH,5437831680.0
LTRN,36286040.0
LTRX,182230352.0
LUCD,140275680.0
LUCK,1051796992.0
LUCY,7365111.0
LUD,157014800.0
LULU,19674658816.0
LUMN,8270696448.0
LUNG,56095964.0
LUNR,1041661632.0
LUV,16727228416.0
LVLU,13581968.0
LVO,50320212.0
LVRO,146926496.0
LVS,44537110528.0
LVTX,43666792.0
LVWR,889390912.0
LW,7838703104.0
LWAC,303459776.0
LWAY,330464160.0
LWLG,603190336.0
LXEO,691919808.0
LXFR,313977728.0
LXRX,530562336.0
LXU,668364352.0
LYB,14020786176.0
LYEL,369621312.0
LYFT,8771007488.0
LYRA,6150258.0
LYTS,547854912.0
LYV,30749149184.0
LZ,1752023936.0
LZB,1209020288.0
LZM,321731712.0
LZMH,474458368.0
M,5141885440.0
MA,485318721536.0
MAA,15636491264.0
MAAS,1230669184.0
MAC,4442844160.0
MACI,228324336.0
MAGH,81040504.0
MAGN,290496000.0
MAIA,37032308.0
MAIN,5117240320.0
MAMA,406201216.0
MAMK,218784992.0
MAMO,145743328.0
MAN,1296784000.0
MANH,10336501760.0
MANU,2641610240.0
MAPS,149745472.0
MAR,76792709120.0
MARA,4352902144.0
MAS,12427825152.0
MASI,7897561600.0
MASK,6349294.0
MASS,194718208.0
MAT,6031583744.0
MATH,117310168.0
MATV,662735040.0
MATW,755060032.0
MATX,3327038976.0
MAX,786723840.0
MAXN,52152900.0
MAYA,122547472.0
MAYAR,7041125.0
MAYS,77043112.0
MAZE,1613444864.0
MB,118998296.0
MBAV,379859360.0
MBBC,32854350.0
MBC,1244973312.0
MBCN,266786416.0
MBI,380721920.0
MBIN,1428531968.0
MBIO,8466940.0
MBLY,9626945536.0
MBOT,135659248.0
MBRX,20997296.0
MBUU,465921632.0
MBVI,433406272.0
MBWM,713695552.0
MBX,1149948032.0
MC,4496816128.0
MCB,712822720.0
MCBS,639465216.0
MCD,217577979904.0
MCFT,292147072.0
MCGA,238406432.0
MCHB,3033779200.0
MCHP,27941101568.0
MCHX,63664080.0
MCI,431964768.0
MCK,106377265152.0
MCO,84678803456.0
MCRB,195766672.0
MCRI,1726091520.0
MCRP,46052752.0
MCS,472797248.0
MCTA,497214976.0
MCTR,16830000.0
MCW,1628014848.0
MCY,4901339648.0
MD,2004678144.0
MDAI,44192012.0
MDB,27750180864.0
MDBH,36120800.0
MDCX,49349148.0
MDGL,12568953856.0
MDIA,75332768.0
MDLZ,71904550912.0
MDRR,15818399.0
MDT,123490271232.0
MDU,4176529152.0
MDV,149022320.0
MDWD,235657952.0
MDXG,1051525312.0
MDXH,158886448.0
MEC,324484384.0
MED,122003136.0
MEDP,16499819520.0
MEG,839622976.0
MEGL,6785828.0
MEHA,2608517.0
MEI,252859088.0
MELI,104320999424.0
MENS,2335569664.0
MEOH,2761794304.0
MERC,102483232.0
MESA,69939368.0
MET,50229415936.0
META,1517382795264.0
METC,1369553280.0
METCB,2099401216.0
MFA,934285248.0
MFC,56935702528.0
MFI,32566004.0
MFIN,222551424.0
MG,381101664.0
MGA,13521648640.0
MGEE,3011413760.0
MGIC,1184275200.0
MGIH,18562500.0
MGLD,39206192.0
MGM,8585366528.0
MGN,23562500.0
MGNI,1919135488.0
MGNX,95520384.0
MGPI,523840192.0
MGRC,2396683008.0
MGRT,91437504.0
MGRX,14409097.0
MGTX,634268224.0
MGX,63829480.0
MGY,4258980864.0
MGYR,109164896.0
MH,2916593408.0
MHH,81782232.0
MHK,6460476416.0
MHLA,1299307392.0
MHO,3275086848.0
MHUA,13243769.0
MI,43098412.0
MIAX,3811973888.0
MIDD,5797050880.0
MIGI,10164559.0
MIMI,12243618.0
MIND,88221496.0
MIR,5960189440.0
MIRA,28315630.0
MIRM,3711130112.0
MIST,197186688.0
MITK,394846944.0
MITQ,6759568.0
MKC,17329016832.0
MKC-V,17232400384.0
MKDW,22548238.0
MKL,25847277568.0
MKLY,302755328.0
MKSI,9518585856.0
MKTW,44585276.0
MKTX,6481306624.0
MKZR,8492568.0
MLAB,395507072.0
MLAC,322321984.0
MLACR,11898600.0
MLCI,236559760.0
MLEC,6049285.0
MLGO,79099400.0
MLI,11635338240.0
MLKN,954410880.0
MLM,35579404288.0
MLP,286072864.0
MLR,409857056.0
MLSS,24510456.0
MLTX,920307712.0
MLYS,3502734080.0
MMA,15127802.0
MMC,88920039424.0
MMI,1107124096.0
MMM,88091623424.0
MMS,4415557120.0
MMSI,5086510592.0
MMYT,7040907264.0
MNDO,23828600.0
MNDR,2450511.0
MNDY,7750246912.0
MNKD,1529209984.0
MNMD,1102465664.0
MNOV,69155208.0
MNPR,510749888.0
MNRO,499827328.0
MNSB,136062784.0
MNST,70189195264.0
MNTK,251794224.0
MNTN,998765568.0
MNTS,15045811.0
MNY,57317492.0
MO,97652064256.0
MOBBW,868166720.0
MOBX,29511180.0
MOD,6764814848.0
MODD,28704096.0
MODG,2000653952.0
MOFG,775791744.0
MOG-A,6221959168.0
MOG-B,6810096128.0
MOGO,29086742.0
MOH,7414017536.0
MORN,8747662336.0
MOS,7782841344.0
MOV,402488416.0
MOVE,8470152.0
MP,10098592768.0
MPAA,246039840.0
MPB,654807744.0
MPC,59578863616.0
MPLT,567161920.0
MPTI,144233952.0
MPU,52281744.0
MPV,212837200.0
MPWR,42973057024.0
MPX,286992064.0
MQ,2115658624.0
MRAM,186280576.0
MRBK,166196896.0
MRCY,4107844096.0
MRK,231944159232.0
MRKR,12354071.0
MRNA,9674564608.0
MRNO,194323376.0
MRP,4897103360.0
MRSN,138565344.0
MRT,187326176.0
MRTN,775259264.0
MRUS,7272226816.0
MRVI,1223745664.0
MRVL,71950589952.0
MRX,2437016320.0
MS,254535729152.0
MSA,6090103296.0
MSAI,34373276.0
MSBI,329094784.0
MSCI,41922600960.0
MSEX,946598272.0
MSFT,3772257402880.0
MSGE,2132983936.0
MSGM,15946337.0
MSGS,5122488832.0
MSGY,25605000.0
MSI,62924623872.0
MSM,4784563712.0
MSN,9574407.0
MSPR,820822.0
MSS,11811501.0
MSTR,56154664960.0
MSW,20889750.0
MT,30178836480.0
MTA,638542400.0
MTB,28294117376.0
MTC,51129380.0
MTCH,7598847488.0
MTD,28611241984.0
MTDR,4989736960.0
MTEK,8879850.0
MTEN,13405618.0
MTEX,18077854.0
MTG,6362435072.0
MTH,4593840128.0
MTN,5028056576.0
MTNB,7559305.0
MTRN,2341140992.0
MTRX,314994720.0
MTSI,11902744576.0
MTUS,651656320.0
MTVA,18194992.0
MTW,371026080.0
MTX,1795655168.0
MTZ,15260008448.0
MU,271580659712.0
MUFG,180062224384.0
MUR,4209367552.0
MURA,36035524.0
MUSA,6911486464.0
MUX,922354112.0
MVBF,325285376.0
MVIS,281240352.0
MVST,1181458176.0
MWA,3581543424.0
MWG,13576785.0
MWYN,15178063.0
MX,84557280.0
MXC,18855732.0
MXCT,173830288.0
MXL,1155068800.0
MYE,639332288.0
MYFW,223415040.0
MYGN,620803392.0
MYNZ,6820194.0
MYO,29595352.0
MYPS,86482104.0
MYRG,3418438400.0
MYSE,8629126.0
MYSZ,3532581.0
MZTI,4627639808.0
NABL,1343349888.0
NAGE,553056512.0
NAII,18283264.0
NAK,921420992.0
NAKA,243413472.0
NAMM,82663240.0
NAMS,4372349440.0
NAOV,4499403.0
NAT,808887488.0
NATH,396069024.0
NATL,2541563136.0
NATR,362057888.0
NAUT,239979728.0
NAVI,1127548032.0
NAVN,3728288256.0
NB,624651392.0
NBBK,752321600.0
NBHC,1346010624.0
NBIS,21650384896.0
NBIX,14313749504.0
NBN,700838784.0
NBR,690595136.0
NBTB,2077425664.0
NBTX,1093251200.0
NBY,137351728.0
NC,393065024.0
NCDL,698333120.0
NCEL,15863159.0
NCEW,9056875.0
NCI,4145280.0
NCL,9135116.0
NCLH,7980664320.0
NCMI,363126624.0
NCNO,2878829312.0
NCPL,8542373.0
NCRA,15804293.0
NCSM,94268128.0
NCT,26970234.0
NCTY,91124232.0
NDAQ,49174253568.0
NDLS,31268890.0
NDRA,9281989.0
NDSN,12872172544.0
NE,4755870720.0
NECB,263066880.0
NEE,178583781376.0
NEGG,1407270144.0
NEM,95663980544.0
NEO,1322343296.0
NEOG,1395057152.0
NEON,35747624.0
NEOV,175426528.0
NEPH,57702888.0
NERV,30491252.0
NESR,1402826368.0
NET,70844366848.0
NETD,243601952.0
NEU,6998600704.0
NEUP,11080781.0
NEWP,427343072.0
NEWT,282806624.0
NEXA,790658432.0
NEXM,75523736.0
NEXN,414190592.0
NEXT,1541144192.0
NFBK,423958784.0
NFE,313008096.0
NFG,7279132672.0
NFGC,507412288.0
NFLX,467334397952.0
NG,3471087104.0
NGD,5594110976.0
NGNE,320547232.0
NGS,379581312.0
NGVC,728333824.0
NGVT,1718291200.0
NHC,1952904960.0
NHI,3708657408.0
NHIC,285792128.0
NHTC,44325336.0
NI,20434182144.0
NIC,1772466560.0
NINE,18328838.0
NIQ,4177199872.0
NISN,18281744.0
NITO,7484127.0
NIVF,1037875.0
NIXX,23437476.0
NJR,4671611904.0
NKE,92978864128.0
NKLR,256698304.0
NKSH,182449584.0
NKTR,1211951872.0
NKTX,128563416.0
NL,255063472.0
NLOP,436274528.0
NLY,14685171712.0
NMAX,982632000.0
NMFC,948001856.0
NMG,413080448.0
NMIH,2840764160.0
NMP,160189056.0
NMRA,432760800.0
NMRK,3967959296.0
NMTC,33854676.0
NN,1700194816.0
NNBR,70920904.0
NNE,1556749824.0
NNI,4525340160.0
NNN,7794350592.0
NNNN,1195596288.0
NNOX,180949120.0
NNVC,25449260.0
NOA,390122880.0
NOC,80616316928.0
NODK,281804832.0
NOEM,97966368.0
NOG,2133601152.0
NOMA,124099808.0
NOMD,1813342464.0
NOTE,37389552.0
NOTV,23636414.0
NOV,5577898496.0
NOVT,3700967168.0
NOW,173970522112.0
NP,3286613504.0
NPAC,393697920.0
NPB,564955008.0
NPCE,431335136.0
NPK,673426816.0
NPKI,985208128.0
NPO,4312786432.0
NPT,79644152.0
NPWR,215735792.0
NRC,369477536.0
NRDS,1041201408.0
NRDY,156555056.0
NREF,316594528.0
NRG,31569842176.0
NRGV,531894304.0
NRIM,503888128.0
NRIX,1296512512.0
NRP,1362026496.0
NRSN,30670950.0
NRXP,50154492.0
NRXS,24607996.0
NSC,63144640512.0
NSIT,2757892352.0
NSP,1205024640.0
NSPR,85165704.0
NSRX,63689236.0
NSSC,1434419200.0
NSTS,58343232.0
NSYS,19614384.0
NTAP,21370560512.0
NTB,1867152640.0
NTCL,21921124.0
NTCT,1929014912.0
NTGR,733916416.0
NTHI,153461776.0
NTIC,75321192.0
NTIP,32700572.0
NTLA,982237760.0
NTNX,17492750336.0
NTR,27756388352.0
NTRA,28436498432.0
NTRB,64585908.0
NTRP,33046590.0
NTSK,7385474560.0
NTST,1757709568.0
NTWK,33706644.0
NTWO,251292640.0
NTZ,29409006.0
NU,75384725504.0
NUAI,234908320.0
NUE,34024415232.0
NUKK,60165400.0
NUKKW,1695108352.0
NUS,463613248.0
NUTR,174412512.0
NUTX,578552448.0
NUVB,1601032192.0
NUVL,7852324864.0
NUWE,2213334.0
NVAX,1104993152.0
NVCR,1262036992.0
NVCT,155738560.0
NVDA,4550718128128.0
NVEC,287763072.0
NVGS,1188855936.0
NVMI,8503733760.0
NVNI,31903888.0
NVNO,7391033.0
NVO,215331012608.0
NVR,19774541824.0
NVRI,1081552256.0
NVS,252417097728.0
NVST,3175732992.0
NVT,16795915264.0
NVTS,1775998080.0
NVVE,4367482.0
NVX,265974800.0
NWBI,1662427008.0
NWE,4004966400.0
NWFL,252820032.0
NWL,1400128000.0
NWN,1969509120.0
NWPX,542451648.0
NWS,16171925504.0
NWSA,14873683968.0
NWTG,4168743.0
NX,561073728.0
NXC,85515832.0
NXDR,643058048.0
NXE,5184123904.0
NXGL,14982690.0
NXL,19644776.0
NXN,47962204.0
NXP,742185216.0
NXPI,48030351360.0
NXPL,15723995.0
NXST,5687373824.0
NXT,13569277952.0
NXTC,27186796.0
NXTT,53563148.0
NXXT,180363696.0
NYAX,1529793152.0
NYC,20809216.0
NYT,10252700672.0
NYXH,187321744.0
O,52434628608.0
OABI,218812192.0
OACC,260577344.0
OAKU,66600576.0
OBA,317989376.0
OBDC,6061031936.0
OBE,406724320.0
OBIO,233199344.0
OBK,1038804928.0
OBLG,5965410.0
OBT,335638848.0
OC,8289999872.0
OCC,58278820.0
OCFC,987087104.0
OCG,50112068.0
OCGN,362291328.0
OCS,1107002240.0
OCUL,2533134592.0
ODC,810638528.0
ODD,2136726144.0
ODFL,27298740224.0
ODP,838782272.0
ODV,805923392.0
ODYS,58551772.0
OEC,255481184.0
OESX,54269472.0
OFAL,9143636.0
OFG,1746487296.0
OFIX,570235072.0
OFLX,268710848.0
OGE,8983098368.0
OGEN,4626727.0
OGI,199693024.0
OGN,1988869248.0
OGS,4824523264.0
OHI,13419189248.0
OI,1975219200.0
OII,2361893120.0
OIS,370221120.0
OKE,43364995072.0
OKLO,14899721216.0
OKTA,14291496960.0
OKUR,42812312.0
OKYO,80674896.0
OLB,8329725.0
OLED,5369421312.0
OLLI,7538210816.0
OLMA,584982528.0
OLN,2201117696.0
OLP,441994208.0
OLPX,680862144.0
OM,89313208.0
OMC,14147582976.0
OMCC,33633052.0
OMCL,1570492032.0
OMDA,1126890624.0
OMER,617946880.0
OMEX,98387608.0
OMF,6783930880.0
OMH,25411246.0
OMI,223531664.0
OMSE,204390512.0
ON,19231084544.0
ONB,7729489920.0
ONCH,221985936.0
ONCO,3592075.0
ONCY,111453696.0
ONDS,2304653568.0
ONEG,34880000.0
ONEW,225174592.0
ONFO,4988501.0
ONIT,333959712.0
ONL,133465680.0
ONMD,69062040.0
ONON,13668916224.0
ONTF,226761728.0
ONTO,6239120896.0
OOMA,305648448.0
OPAD,63767704.0
OPAL,366730880.0
OPBK,188303024.0
OPCH,4562114048.0
OPEN,7474857472.0
OPFI,813693056.0
OPHC,47750528.0
OPK,1008104128.0
OPRT,207406384.0
OPRX,275695232.0
OPTT,76591568.0
OPTX,58333956.0
OPXS,95891952.0
OPY,677838976.0
OR,6005988864.0
ORA,6542552064.0
ORBS,550770432.0
ORC,1204531840.0
ORCL,626775293952.0
ORGN,71973488.0
ORGO,760203712.0
ORI,10805949440.0
ORIC,1171303168.0
ORIQ,87802504.0
ORIS,4369643.0
ORKA,1366592640.0
ORKT,6657315.0
ORLA,4112744448.0
ORLY,84230979584.0
ORMP,95948424.0
ORN,365492928.0
ORRF,655743680.0
OS,5066621440.0
OSBC,930665216.0
OSCR,4103389952.0
OSIS,4533601280.0
OSK,7779237888.0
OSPN,461428480.0
OSRH,10473216.0
OSS,115958280.0
OST,8978754.0
OSTX,57340560.0
OSUR,164558208.0
OSW,2049836672.0
OTEX,8381022720.0
OTF,6171801088.0
OTGA,346631008.0
OTH,84750000.0
OTIS,34565292032.0
OTLK,78622560.0
OTTR,3434576384.0
OUST,1255309184.0
OUT,3605576960.0
OVBC,166910800.0
OVID,92576056.0
OVLY,236547840.0
OVV,9818825728.0
OWL,21525448704.0
OWLS,705253824.0
OWLT,302755520.0
OXBR,10055719.0
OXM,504966208.0
OXY,41073422336.0
OYSE,342533952.0
OZK,4770471424.0
PAAS,15780337664.0
PAC,10993826816.0
PACB,473994656.0
PACH,320677504.0
PACK,395722848.0
PACS,2436286720.0
PAG,10286410752.0
PAGP,4138087680.0
PAGS,2734836480.0
PAHC,1826444416.0
PAII,346650560.0
PAL,192228624.0
PALI,308850656.0
PAM,5033607680.0
PAMT,206121312.0
PANL,433858720.0
PANW,138780082176.0
PAPL,3862850.0
PAR,1489690880.0
PARR,2286152960.0
PASG,28544814.0
PASW,11576350.0
PATH,7233725440.0
PATK,3227033344.0
PAVM,10663770.0
PAVS,36893904.0
PAX,2313865984.0
PAY,4620786176.0
PAYC,9231143936.0
PAYO,1945704064.0
PAYS,278517024.0
PAYX,39761104896.0
PB,6158878208.0
PBA,22325215232.0
PBBK,53124788.0
PBF,4389461504.0
PBFS,335578240.0
PBH,2902651904.0
PBHC,91390000.0
PBI,1552549504.0
PBM,2061243.0
PBR,84550082560.0
PBYI,249939904.0
PC,30497772.0
PCAP,385748096.0
PCAR,49447989248.0
PCB,301614944.0
PCG,35891879936.0
PCH,2969520640.0
PCOR,11288666112.0
PCRX,1072993344.0
PCSA,15492195.0
PCSC,119418336.0
PCT,1535289856.0
PCTY,7902735872.0
PCVX,6328008704.0
PCYO,265609056.0
PD,1385641472.0
PDCC,106481952.0
PDEX,99908952.0
PDFS,981106816.0
PDLB,361936960.0
PDS,759319232.0
PDSB,42523928.0
PDYN,236040032.0
PEBK,157730912.0
PEBO,1015035264.0
PECO,4750267392.0
PED,51810836.0
PEG,41165230080.0
PEGA,9349559296.0
PELI,121667336.0
PEN,10907058176.0
PENG,981069248.0
PENN,1992964352.0
PEP,202390700032.0
PEPG,367744128.0
PERF,185364592.0
PERI,447748352.0
PESI,225730288.0
PETS,41190500.0
PETZ,10426502.0
PEW,118610208.0
PFAI,28314000.0
PFE,142597554176.0
PFG,18046472192.0
PFGC,14751318016.0
PFIS,461150592.0
PFLT,886015872.0
PFS,2321191168.0
PFSA,7312055.0
PFSI,6468142592.0
PFX,83932048.0
PG,341289598976.0
PGAC,113672912.0
PGC,438613888.0
PGEN,1733740160.0
PGNY,2312196608.0
PGR,132145242112.0
PGRE,1560326528.0
PGY,1792829312.0
PH,103888879616.0
PHAR,1111727360.0
PHAT,1025104896.0
PHG,26608392192.0
PHGE,8401966.0
PHIN,2041706880.0
PHIO,14572711.0
PHM,22468245504.0
PHOE,362879968.0
PHR,1234238208.0
PHUN,41585896.0
PHVS,1618789632.0
PI,4350468608.0
PII,3522833152.0
PIII,1214807808.0
PINC,2330874112.0
PINS,17351804928.0
PIPR,5232952832.0
PJT,6313000960.0
PK,2027122944.0
PKBK,252463760.0
PKE,369253024.0
PKG,17696126976.0
PKOH,274832256.0
PL,3451816960.0
PLAB,1247521664.0
PLAG,12526270.0
PLAY,510985152.0
PLBC,288862496.0
PLBL,3354643712.0
PLBY,174227856.0
PLCE,170249392.0
PLD,114733645824.0
PLG,223184352.0
PLMK,253095616.0
PLMR,3441139712.0
PLNT,8611195904.0
PLOW,690765568.0
PLPC,943454336.0
PLRX,101391480.0
PLRZ,4338046.0
PLSE,931804160.0
PLTK,1477899520.0
PLTR,408163450880.0
PLTS,316034400.0
PLUG,2901125888.0
PLUR,29769210.0
PLUS,2329737728.0
PLUT,55260000.0
PLX,151996032.0
PLXS,3730829568.0
PLYM,1001270144.0
PM,237792116736.0
PMAX,4839949.0
PMCB,4927619.0
PMEC,34145908.0
PMI,191623056.0
PMN,19420432.0
PMNT,16914094.0
PMTR,315344864.0
PMTS,139497344.0
PMVP,75560336.0
PN,20247300.0
PNBK,106910056.0
PNC,70351437824.0
PNFP,6553574912.0
PNNT,405488768.0
PNR,16693121024.0
PNRG,224615840.0
PNTG,878680448.0
PNW,10671596544.0
POAI,25605416.0
POAS,50679672.0
POCI,33404654.0
PODC,63389512.0
PODD,23090159616.0
POET,521443008.0
POLA,7308558.0
POLE,309855008.0
POOL,8875714560.0
POR,5527707136.0
POST,5898928128.0
POWI,1811326464.0
POWL,3835505152.0
POWW,221339472.0
PPC,8841517056.0
PPCB,9679339.0
PPG,21522751488.0
PPIH,191019488.0
PPL,27222401024.0
PPSI,37945812.0
PPTA,2756760064.0
PR,11527064576.0
PRA,1233413248.0
PRAA,625569856.0
PRAX,4940917248.0
PRCH,993651904.0
PRCT,1624949376.0
PRDO,1957045248.0
PRE,198407280.0
PRFX,1779214.0
PRG,1048749120.0
PRGO,1866181760.0
PRGS,1715281152.0
PRHI,12956254.0
PRI,8261085696.0
PRIM,6329890304.0
PRK,2407398144.0
PRKS,1721169920.0
PRLB,1123784832.0
PRLD,93390568.0
PRM,3791284736.0
PRMB,5841867776.0
PRME,689550720.0
PRO,1116644736.0
PROF,194143296.0
PROK,676877312.0
PROP,87986048.0
PROV,97617704.0
PRPH,11004265.0
PRPL,75772112.0
PRPO,34059852.0
PRQR,215957632.0
PRSO,6987855.0
PRSU,918640384.0
PRTA,551757312.0
PRTH,442925184.0
PRTS,31627910.0
PRU,36429615104.0
PRVA,2856095488.0
PRZO,24767996.0
PSA,47422386176.0
PSBD,383902496.0
PSFE,401093536.0
PSHG,27226428.0
PSIG,12867290.0
PSIX,1257113216.0
PSKY,17352818688.0
PSMT,3578464256.0
PSN,8706900992.0
PSNL,664256576.0
PSNY,1156497664.0
PSNYW,3162251520.0
PSO,8394029568.0
PSQH,68895968.0
PSTG,27654768640.0
PSTV,65320032.0
PSX,55223578624.0
PTC,20896116736.0
PTCT,6069795840.0
PTEN,2230119680.0
PTGX,5299452416.0
PTHL,12066615.0
PTHS,102163528.0
PTIX,3990748.0
PTLE,7504997.0
PTLO,334485248.0
PTN,21675052.0
PTNM,238164784.0
PTON,2983138048.0
PTRN,3107460864.0
PUBM,426552000.0
PUK,35585839104.0
PULM,17348358.0
PUMP,1013826304.0
PVH,3660953344.0
PVLA,966331008.0
PW,2399541.0
PWP,1543018624.0
PWR,63653097472.0
PX,1024240512.0
PXED,1021968448.0
PXLW,37383656.0
PXS,27682684.0
PYPD,57786324.0
PYPL,59128369152.0
PYXS,289528608.0
PZG,94006480.0
PZZA,1318626432.0
Q,17060462592.0
QBTS,7993280512.0
QCLS,8203486.0
QCOM,179923255296.0
QCRH,1272833664.0
QDEL,1433355392.0
QETA,42911724.0
QGEN,9569192960.0
QH,971995.0
QIPT,98240160.0
QLGN,6180539.0
QLYS,5033931776.0
QMCO,99019296.0
QMMM,6830437376.0
QNCX,100226672.0
QNST,762741184.0
QNTM,27599620.0
QRHC,35896564.0
QRVO,7563367424.0
QS,7786967040.0
QSEA,116266880.0
QSI,280136544.0
QSR,31044440064.0
QTRX,258310704.0
QTTB,27932538.0
QTWO,4390231552.0
QUAD,267127232.0
QUBT,2575245568.0
QUIK,101687000.0
QUMS,113952432.0
QURE,1889306112.0
QVCGA,52615268.0
QXO,11437688832.0
R,6708019712.0
RAAQ,238855008.0
RAC,302923008.0
RACE,71957315584.0
RAIL,147472352.0
RAIN,41043036.0
RAL,5243214848.0
RAMP,1885499648.0
RANG,168874864.0
RANI,237913408.0
RAPP,1196771200.0
RAPT,793916480.0
RARE,3139380224.0
RAVE,42208356.0
RAY,6219459.0
RAYA,3499340.0
RBA,18358368256.0
RBB,323194272.0
RBBN,531245568.0
RBC,13570159616.0
RBCAA,1269147392.0
RBKB,109673504.0
RBLX,71083991040.0
RBNE,12345283.0
RBOT,20626244.0
RBRK,13760896000.0
RC,415624192.0
RCAT,798929280.0
RCEL,117703408.0
RCI,20938143744.0
RCKT,328995552.0
RCKY,222337696.0
RCL,67281014784.0
RCMT,143022864.0
RCON,39509380.0
RCT,75627560.0
RCUS,2473333504.0
RDAC,81668200.0
RDAG,385500000.0
RDCM,209665968.0
RDDT,35539931136.0
RDGT,22658888.0
RDI,42352624.0
RDIB,248754000.0
RDN,4647274496.0
RDNT,5943354368.0
RDNW,201757776.0
RDVT,759410560.0
RDW,903374784.0
RDWR,948494784.0
RDY,11676360704.0
RDZN,102629368.0
REAL,1654562816.0
REAX,766715968.0
REBN,9129674.0
RECT,30015000.0
REE,20961368.0
REFI,262598208.0
REFR,54611068.0
REG,12719756288.0
REGN,74648010752.0
REI,194789792.0
REKR,244510208.0
RELI,6708608.0
RELL,146524448.0
RELY,2633978880.0
RENT,149809392.0
REPL,687948096.0
REPX,565824384.0
RES,1156032384.0
RETO,7209049.0
REVB,5230420.0
REVG,2486184960.0
REX,1063131584.0
REXR,9869006848.0
REYN,5095235072.0
REZI,4509414400.0
RF,21683091456.0
RFAI,161834752.0
RFIL,67204928.0
RFL,63160384.0
RGA,12097916928.0
RGC,6393741824.0
RGCO,218694384.0
RGEN,8387321344.0
RGLD,15535152128.0
RGNX,563941248.0
RGP,156601424.0
RGR,489224672.0
RGS,66849288.0
RGTI,8148344320.0
RH,2671172352.0
RHI,2660465920.0
RHLD,1291006720.0
RHP,5834177024.0
RIBB,66641000.0
RICK,202689344.0
RIG,4493879808.0
RIGL,771613632.0
RILY,153597264.0
RIME,5072213.0
RIO,115243671552.0
RIOT,5160684032.0
RITM,6018575872.0
RITR,88680064.0
RIVN,18229327872.0
RJF,30972307456.0
RKDA,5121737.0
RKLB,23134310400.0
RKT,46227931136.0
RL,19653636096.0
RLAY,1147394176.0
RLGT,281511008.0
RLI,5802314240.0
RLMD,291134496.0
RLYB,26068634.0
RM,353844288.0
RMAX,399568096.0
RMBI,126314200.0
RMBS,9810156544.0
RMCF,11856772.0
RMCO,42872424.0
RMD,35719409664.0
RMNI,350643232.0
RMR,258992064.0
RMSG,19219132.0
RMTI,29802912.0
RNA,10649761792.0
RNAC,191906608.0
RNAZ,8628669.0
RNG,2424734208.0
RNGR,312860160.0
RNR,12367119360.0
RNST,3173714432.0
RNTX,31606950.0
RNW,2716914432.0
RNXT,29466954.0
ROAD,5858611712.0
ROCK,1392641024.0
ROG,1391745536.0
ROIV,14299307008.0
ROK,41611972608.0
ROKU,14315669504.0
ROL,27887486976.0
ROLR,20102754.0
ROMA,156654832.0
ROOT,1186590592.0
ROP,47778103296.0
ROST,52138315776.0
RPAY,306890336.0
RPD,881371264.0
RPGL,9195500.0
RPID,183495376.0
RPM,13338557440.0
RPRX,22837104640.0
RPTX,93651000.0
RR,618811712.0
RRBI,439855232.0
RRC,9086990336.0
RRGB,72037488.0
RRR,5556666880.0
RRX,8602773504.0
RS,14006187008.0
RSG,65505996800.0
RSI,3864489728.0
RSKD,775982912.0
RSSS,94216856.0
RSVR,476170528.0
RTAC,416844544.0
RTX,235479793664.0
RUBI,3045224.0
RUM,1780124288.0
RUN,4309016576.0
RUSHA,3684883456.0
RUSHB,3695282688.0
RVLV,1472338560.0
RVMD,13366131712.0
RVP,24964596.0
RVPH,55099972.0
RVSB,104996904.0
RVSN,19832888.0
RVTY,10569568256.0
RVYL,10805087.0
RWAY,336407904.0
RXO,1736303616.0
RXRX,2147602432.0
RXST,405410048.0
RXT,272823200.0
RY,207498412032.0
RYAM,369870880.0
RYAN,14964581376.0
RYDE,20301194.0
RYET,25312504.0
RYI,639678016.0
RYM,38329152.0
RYN,3349120000.0
RYOJ,47474996.0
RYTM,6719653888.0
RZB,8798020608.0
RZLT,947675456.0
RZLV,887597312.0
S,5416201216.0
SA,2486582528.0
SABR,667355520.0
SABS,36438712.0
SACH,49598764.0
SAFE,949336320.0
SAFT,1133819008.0
SAFX,128372408.0
SAGT,23970000.0
SAH,2090343040.0
SAIA,6988631040.0
SAIC,4082151680.0
SAIH,13575770.0
SAIL,10292186112.0
SAM,2111412864.0
SAMG,113441328.0
SANA,969572672.0
SANG,171085600.0
SANM,8826587136.0
SAP,278223945728.0
SAR,354931040.0
SARO,8248036864.0
SATL,188299344.0
SATS,19267561472.0
SAVA,134295952.0
SB,490113248.0
SBAC,20862904320.0
SBC,311712576.0
SBCF,2856582144.0
SBDS,15011703.0
SBET,2023972864.0
SBEV,2445452.0
SBFG,123577128.0
SBFM,7506095.0
SBGI,1175562112.0
SBH,1407984384.0
SBLK,2236364288.0
SBLX,3905208.0
SBRA,4635410432.0
SBSI,844950208.0
SBSW,7901506560.0
SBUX,95147163648.0
SBXD,268041136.0
SCCO,104066080768.0
SCHL,702879680.0
SCHW,166836813824.0
SCI,11075729408.0
SCKT,10130107.0
SCL,965379584.0
SCLX,117650272.0
SCM,335498688.0
SCNX,23866542.0
SCOR,32250718.0
SCS,1781200640.0
SCSC,855983936.0
SCVL,452472768.0
SCWO,43259996.0
SCYX,24226428.0
SD,523658112.0
SDA,187836416.0
SDGR,1286185728.0
SDHC,150143664.0
SDHI,358134624.0
SDM,49441252.0
SDOT,5340518.0
SDRL,1911768320.0
SDST,27407082.0
SEAT,110187168.0
SEB,3868704256.0
SEDG,2049347840.0
SEE,6167405056.0
SEED,10749456.0
SEER,113242072.0
SEG,276987808.0
SEGG,7801744.0
SEI,3282569216.0
SEIC,9740419072.0
SELF,57938420.0
SELX,37047176.0
SEM,1579623168.0
SEMR,1006989824.0
SENEA,847476160.0
SENEB,832439168.0
SENS,241064912.0
SEPN,968913472.0
SER,40220420.0
SERA,116469312.0
SERV,605454016.0
SES,689985600.0
SEV,178471424.0
SEZL,1740783744.0
SF,11879701504.0
SFBC,106936336.0
SFBS,3726301440.0
SFD,8326127104.0
SFHG,9338000.0
SFIX,554138752.0
SFL,1188307328.0
SFM,8070226944.0
SFNC,2497825792.0
SFST,385546464.0
SFWL,81422184.0
SG,677096640.0
SGA,77150264.0
SGBX,1621186.0
SGC,138768800.0
SGD,8373202.0
SGHC,6108102144.0
SGHT,371688288.0
SGI,18052059136.0
SGLY,4885181.0
SGML,892722112.0
SGMO,138299248.0
SGMT,253993696.0
SGN,4974204.0
SGRP,23658534.0
SGRY,1947887232.0
SGU,412372096.0
SHAK,3719020032.0
SHBI,519451776.0
SHC,4335273472.0
SHCO,1701439232.0
SHEN,543491584.0
SHFS,4341607.0
SHIM,75928336.0
SHIP,199950512.0
SHLS,1330737920.0
SHMD,186460304.0
SHO,1730017664.0
SHOO,2686890496.0
SHOP,182166880256.0
SHPH,2055884.0
SHW,81484619776.0
SI,294608640.0
SIBN,777571328.0
SID,2055445504.0
SIDU,25029238.0
SIEB,111982608.0
SIF,39804192.0
SIFY,815389056.0
SIG,3933550848.0
SIGA,422506688.0
SIGI,4731719680.0
SII,2201114880.0
SILC,81176048.0
SILO,5440514.0
SIMA,323932000.0
SINT,9628439.0
SION,1782027520.0
SIRI,7105223680.0
SITC,360330368.0
SITE,5741639680.0
SITM,7017154560.0
SJ,27528018.0
SJM,11366237184.0
SKBL,83103856.0
SKE,2152950784.0
SKIL,87617656.0
SKIN,161928880.0
SKK,6000000.0
SKLZ,91520480.0
SKM,7709574656.0
SKT,3792874496.0
SKWD,1962827392.0
SKY,4420848128.0
SKYE,44880444.0
SKYH,681404416.0
SKYQ,8255701.0
SKYT,805717888.0
SKYW,3753966592.0
SKYX,187686464.0
SLAB,3857592320.0
SLB,53482463232.0
SLDB,338130464.0
SLDE,2053138048.0
SLDP,1140410624.0
SLE,4651618.0
SLF,33173581824.0
SLG,3389365504.0
SLGB,84255000.0
SLGL,100288368.0
SLGN,4018664192.0
SLI,819672960.0
SLM,5606064128.0
SLMT,16283353.0
SLN,316467456.0
SLND,177490752.0
SLNG,87774544.0
SLNH,122195464.0
SLNO,2537798656.0
SLP,341758304.0
SLQT,256918752.0
SLRX,966692.0
SLS,207893552.0
SLSN,132609272.0
SLSR,1116540416.0
SLVM,1843410944.0
SLXN,8066738.0
SM,2114003456.0
SMA,1764118144.0
SMBC,598179520.0
SMBK,589339072.0
SMC,288401152.0
SMCI,20356714496.0
SMG,3157145344.0
SMHI,206368384.0
SMID,186987360.0
SMLR,303501120.0
SMMT,12618302464.0
SMP,806710272.0
SMPL,2029932800.0
SMR,3530904576.0
SMRT,272449056.0
SMSI,15283428.0
SMTC,5610806272.0
SMTI,188274288.0
SMTK,8493671.0
SMWB,624676672.0
SMX,1503601.0
SMXT,52977960.0
SN,11946648576.0
SNA,17145578496.0
SNAL,34727524.0
SNAP,14064354304.0
SNBR,84778800.0
SNCR,55580904.0
SNCY,626734016.0
SND,109249864.0
SNDA,600827840.0
SNDK,38965559296.0
SNDL,430024992.0
SNDR,3639219712.0
SNDX,1493196928.0
SNES,14415226.0
SNEX,4463472640.0
SNFCA,211705264.0
SNGX,13616276.0
SNN,13862445056.0
SNOA,6157895.0
SNOW,85645246464.0
SNPS,72486559744.0
SNSE,10266901.0
SNT,107325600.0
SNTG,5863131.0
SNTI,37932300.0
SNV,6144053248.0
SNWV,280097504.0
SNX,12064933888.0
SNYR,23614810.0
SO,99738083328.0
SOAR,8855508.0
SOBO,5746889216.0
SOBR,3396373.0
SOC,434846656.0
SOCA,237783008.0
SOFI,32607621120.0
SOHO,87716800.0
SOJC,21948448768.0
SOLS,6599652864.0
SOLV,13214969856.0
SON,3975897088.0
SOND,1557092.0
SONM,9865463.0
SONN,36526336.0
SONO,1919578880.0
SOPA,8791958.0
SOPH,274780576.0
SOR,371988352.0
SORA,95477760.0
SOS,9893441.0
SOTK,64640860.0
SOUL,348021696.0
SOUN,4801695744.0
SOWG,8489290.0
SPAI,99203568.0
SPB,1353899392.0
SPCB,39388284.0
SPCE,226256864.0
SPEG,154483328.0
SPFI,600601344.0
SPG,68270698496.0
SPGI,149276442624.0
SPH,1230243712.0
SPHL,4723050.0
SPHR,2704635904.0
SPIR,239543968.0
SPKL,96848584.0
SPMC,321503968.0
SPNS,2411553280.0
SPNT,2304752896.0
SPOK,275397504.0
SPOT,131899826176.0
SPPL,22197174.0
SPR,4242587904.0
SPRB,116493720.0
SPRC,4007014.0
SPRO,136748800.0
SPRU,91133624.0
SPRY,723571840.0
SPSC,3028531200.0
SPT,569401536.0
SPWH,73019048.0
SPWR,135714000.0
SPXC,10329917440.0
SQM,16986887168.0
SR,5006507520.0
SRAD,6454705152.0
SRBK,120302504.0
SRCE,1464413312.0
SRDX,612437632.0
SRE,60177235968.0
SRFM,146308272.0
SRG,209527536.0
SRI,154373296.0
SRL,84042168.0
SRPT,1837967360.0
SRRK,3505761536.0
SRTA,384331040.0
SRTS,65595748.0
SRXH,6173157.0
SRZN,109671336.0
SSB,8634138624.0
SSBI,72793912.0
SSD,6596758016.0
SSEA,76283128.0
SSII,1225621888.0
SSKN,8299382.0
SSM,9077953.0
SSNC,19820947456.0
SSP,380073120.0
SSRM,4339900928.0
SST,35592624.0
SSTI,81480264.0
SSTK,737254400.0
SSYS,728769088.0
ST,4197004288.0
STAA,1308197760.0
STAG,7345759744.0
STAI,28316880.0
STAK,6869381.0
STBA,1418035200.0
STC,2000647936.0
STE,25313071104.0
STEL,1513362432.0
STEM,130635536.0
STEP,7545401856.0
STEX,131560624.0
STFS,5275830.0
STGW,1301276032.0
STHO,98080344.0
STI,73542616.0
STIM,113001768.0
STKE,58558292.0
STKL,439168224.0
STKS,55055460.0
STLA,28829464576.0
STLD,22827016192.0
STM,20239828992.0
STN,11310883840.0
STNE,4320519168.0
STNG,3187035136.0
STOK,1539307264.0
STRA,1845828608.0
STRL,10224021504.0
STRO,72373504.0
STRR,35101248.0
STRS,150264848.0
STRT,269908128.0
STRW,653842496.0
STRZ,173739616.0
STSS,80726792.0
STT,32012179456.0
STTK,125294096.0
STUB,4715365888.0
STVN,5872309248.0
STX,56947396608.0
STXS,197848480.0
STZ,22795776000.0
SU,54060773376.0
SUGP,8793162.0
SUI,16183199744.0
SUIG,145656848.0
SUNE,4292333.0
SUPN,2585431296.0
SUPX,1430697856.0
SURG,39978764.0
SUUN,58411476.0
SVA,642436736.0
SVAC,314486688.0
SVCC,224362928.0
SVCO,122861896.0
SVM,1454054400.0
SVRA,854564864.0
SVV,1202951424.0
SW,17712560128.0
SWAG,43234000.0
SWBI,368036768.0
SWIM,741930752.0
SWK,9861525504.0
SWKH,201160784.0
SWKS,9390614528.0
SWVL,30590536.0
SWX,5747919360.0
SXC,542705920.0
SXI,2802661888.0
SXT,3939776256.0
SXTC,156637472.0
SXTP,4186558.0
SY,336741984.0
SYBT,1901627392.0
SYBX,19771174.0
SYF,26218895360.0
SYK,137722232832.0
SYM,33670086656.0
SYNA,2416817920.0
SYNX,9752568.0
SYPR,47211436.0
SYRE,1890144256.0
SYY,35976830976.0
SZZL,317875712.0
T,180568276992.0
TAC,4225007872.0
TACH,354660000.0
TACO,381565696.0
TACT,43195156.0
TAIT,6864146.0
TALK,532545440.0
TALO,1816443264.0
TANH,2393809.0
TAOP,2792878.0
TAOX,31454212.0
TAP,9021620224.0
TAP-A,9128469504.0
TARA,214931040.0
TARS,3148450048.0
TASK,1030760896.0
TATT,502614240.0
TAVI,165417472.0
TAYD,141070816.0
TBB,136548704256.0
TBBB,3259377408.0
TBBK,2751024896.0
TBCH,271152832.0
TBH,11740671.0
TBHC,29873642.0
TBI,145805200.0
TBLA,1161654400.0
TBMC,52594664.0
TBN,491238048.0
TBPH,914130688.0
TBRG,307888800.0
TCBI,3771985664.0
TCBK,1451479168.0
TCBS,46844888.0
TCBX,502965632.0
TCGL,104260000.0
TCI,393175296.0
TCMD,523546048.0
TCRT,7102405.0
TCRX,55045552.0
TCX,222633568.0
TD,140504039424.0
TDAC,228495232.0
TDACW,4858000.0
TDC,2469284864.0
TDG,75271020544.0
TDIC,10626800.0
TDOC,1197945472.0
TDS,4351387136.0
TDTH,66755460.0
TDUP,929804288.0
TDW,2800813824.0
TDY,23454365696.0
TE,606937728.0
TEAD,69894192.0
TEAM,38437040128.0
TECH,9132182528.0
TECK,19776100352.0
TECX,344005216.0
TEF,24142225408.0
TEL,68988461056.0
TELA,45162740.0
TELO,48133360.0
TEM,11811263488.0
TEN,764939840.0
TENB,3155734528.0
TENX,33534374.0
TEO,6372285440.0
TER,26635274240.0
TERN,2302439168.0
TEX,2886401280.0
TFC,56631988224.0
TFII,6938507776.0
TFIN,1201477504.0
TFPM,6270691840.0
TFSL,3730343936.0
TFX,4590031360.0
TG,292254048.0
TGB,1612044288.0
TGE,60576340.0
TGEN,185772240.0
TGHL,15053389.0
TGL,5975394.0
TGLS,2120999808.0
TGNA,3200198400.0
TGS,5109256192.0
TGT,40205238272.0
TGTX,4872327680.0
TH,636593472.0
THAR,97116296.0
THC,16998731776.0
THCH,79386120.0
THFF,651311424.0
THG,6386813440.0
THH,430397792.0
THM,339666016.0
THO,5093118976.0
THR,1113630080.0
THRM,1059527872.0
THRY,255269824.0
THS,1189275008.0
TIC,2040177280.0
TIGO,8944059392.0
TIL,86206648.0
TILE,1485457280.0
TIPT,709195072.0
TIRX,19106788.0
TISI,69130960.0
TITN,359476384.0
TIVC,2548685.0
TJX,161965064192.0
TK,867186048.0
TKC,4879921664.0
TKNO,229104880.0
TKO,15174790144.0
TKR,5183768576.0
TLF,21056182.0
TLIH,11467694.0
TLK,20872409088.0
TLN,16842817536.0
TLNC,342848128.0
TLPH,61524696.0
TLRY,1156548992.0
TLS,421874752.0
TLSA,200812576.0
TLSI,223840112.0
TLYS,38396824.0
TM,259364438016.0
TMC,2612670208.0
TMCI,184145232.0
TMDE,15543474.0
TMDX,3875368448.0
TMHC,5648507392.0
TMO,213086568448.0
TMP,930856256.0
TMQ,680818368.0
TMUS,242910429184.0
TNC,1290622592.0
TNDM,1243495296.0
TNET,2661756416.0
TNGX,1074060160.0
TNK,2158339840.0
TNL,3981704704.0
TNMG,13012935.0
TNON,10122312.0
TNXP,197904784.0
TNYA,209797424.0
TOI,367837888.0
TOL,12437569536.0
TOMZ,15058411.0
TONX,192155424.0
TOON,33309840.0
TOP,39292296.0
TOPP,18900000.0
TOPS,27549008.0
TORO,71716400.0
TOST,20409479168.0
TOVX,8009791.0
TOWN,2527433216.0
TOYO,249686112.0
TPB,1924239360.0
TPC,3099193088.0
TPCS,44688748.0
TPET,7930177.0
TPG,21160105984.0
TPH,2684699904.0
TPL,22002096128.0
TPR,21060739072.0
TPST,41648720.0
TPVG,242398784.0
TR,2868374528.0
TRAK,266030800.0
TRAW,14821730.0
TRC,427613888.0
TRDA,323716896.0
TREE,661661696.0
TREX,3358147328.0
TRGP,36221095936.0
TRI,61991485440.0
TRIN,1098922368.0
TRIP,1681141888.0
TRMB,17978564608.0
TRMD,2293952000.0
TRMK,2217868032.0
TRN,2025784192.0
TRNO,6202227712.0
TRNR,4595724.0
TRNS,496271520.0
TRON,483470976.0
TROO,145544192.0
TROW,21404659712.0
TROX,494683232.0
TRP,56817614848.0
TRS,1277899904.0
TRSG,22566174.0
TRST,730476864.0
TRT,32130404.0
TRU,15430108160.0
TRUE,197446912.0
TRUG,2424389.0
TRUP,1569821312.0
TRV,64052830208.0
TRVI,1382167424.0
TRX,175472592.0
TSAT,1214526720.0
TSBK,256423392.0
TSCO,28364703744.0
TSE,34557444.0
TSEM,10693246976.0
TSHA,1128547712.0
TSLA,1359994028032.0
TSLX,1960749056.0
TSM,1462651453440.0
TSN,18750701568.0
TSQ,81644656.0
TSSI,231954672.0
TT,92072402944.0
TTAM,2769124352.0
TTAN,7897854464.0
TTC,6879350272.0
TTD,19660392448.0
TTE,140875710464.0
TTEC,130598600.0
TTEK,9330008064.0
TTGT,361511104.0
TTI,1004437824.0
TTMI,6648298496.0
TTRX,98079888.0
TTSH,282444672.0
TTWO,43160641536.0
TU,22105440256.0
TUSK,89158968.0
TV,1483240192.0
TVA,327900000.0
TVAI,274677920.0
TVC,12652500.0
TVE,12731250.0
TVGN,76105192.0
TVRD,37791056.0
TVTX,3170899200.0
TW,23956733952.0
TWFG,407277248.0
TWG,4786027.0
TWI,476438624.0
TWIN,212399744.0
TWLO,18445787136.0
TWNP,205799824.0
TWO,997812736.0
TWST,1597149952.0
TXG,1986882816.0
TXMD,17593030.0
TXN,140907167744.0
TXNM,6295654400.0
TXRH,11277333504.0
TXT,14267115520.0
TY,1765062272.0
TYG,929908160.0
TYGO,128041096.0
TYL,20032380928.0
TYRA,848616320.0
TZOO,77964672.0
TZUP,50947332.0
U,15691563008.0
UA,1775720064.0
UAA,1805768832.0
UAL,29120231424.0
UAMY,959243840.0
UAVS,43322116.0
UBCP,74080576.0
UBER,192087916544.0
UBFO,165213008.0
UBS,120533417984.0
UBSI,4933573120.0
UBXG,66019432.0
UCAR,11011139.0
UCB,3517856768.0
UCFI,282356096.0
UCTT,1035733312.0
UDMY,739690944.0
UDR,12981342208.0
UE,2511424512.0
UEC,5420911104.0
UEIC,39563676.0
UFCS,933824384.0
UFG,31766700.0
UFI,61691828.0
UFPI,5149356032.0
UFPT,1718486784.0
UG,28025346.0
UGI,7460019200.0
UGRO,2846797.0
UHAL,9343112192.0
UHAL-B,8636608512.0
UHG,72928912.0
UHS,14414163968.0
UI,32760563712.0
UIS,181830560.0
UK,2194956.0
UL,145642029056.0
ULBI,92205624.0
ULCC,841025920.0
ULH,358352096.0
ULS,17300119552.0
ULTA,22902933504.0
ULY,3167844.0
UMAC,316392224.0
UMBF,7898524672.0
UMC,17627611136.0
UMH,1258004736.0
UNB,100103024.0
UNCY,124005352.0
UNF,2930709248.0
UNFI,2138092288.0
UNH,290339389440.0
UNIT,1548545408.0
UNM,12930181120.0
UNMA,5386088960.0
UNP,131088556032.0
UNTY,472355840.0
UOKA,2714462.0
UONE,57991288.0
UONEK,35222324.0
UP,671260480.0
UPB,1388791808.0
UPBD,953128320.0
UPC,2056183.0
UPLD,50559860.0
UPS,79909445632.0
UPST,3508636672.0
UPWK,2146900480.0
UPXI,155488784.0
URBN,5481439232.0
URG,428883520.0
URGN,1109370752.0
URI,51898273792.0
UROY,473078944.0
USAR,1916627200.0
USAS,1015165824.0
USAU,212725232.0
USB,70759931904.0
USBC,279533952.0
USCB,345348224.0
USEA,14634786.0
USEG,35437296.0
USFD,16041225216.0
USGO,118075720.0
USIO,36854956.0
USLM,3340515840.0
USNA,345873792.0
USPH,1064440448.0
UTHR,21343178752.0
UTI,1541276672.0
UTL,859910016.0
UTMD,176090368.0
UTSI,22965368.0
UTZ,875972864.0
UUU,9505970.0
UUUU,3549810176.0
UVE,967645056.0
UVSP,852562880.0
UVV,1300136704.0
UWMC,8075620352.0
UYSC,78038560.0
V,632261836800.0
VABK,212112160.0
VAC,1602627840.0
VACH,332695008.0
VAL,3997923840.0
VALU,341976032.0
VANI,107239784.0
VATE,65134644.0
VBIX,21232976.0
VBNK,377812064.0
VC,2738415104.0
VCEL,1994133760.0
VCIC,316800000.0
VCIG,7459701.0
VCTR,4125876992.0
VCYT,3105051648.0
VECO,1717038208.0
VEEA,28418564.0
VEEE,4183749.0
VEEV,45404160000.0
VEL,709925568.0
VELO,90967944.0
VENU,378154848.0
VERA,1883320704.0
VERI,398438144.0
VERO,3197693.0
VERU,40767996.0
VERX,3182583040.0
VET,1350608000.0
VFC,5567827968.0
VFF,441277856.0
VFS,8281874432.0
VG,19854176256.0
VGAS,136321840.0
VGZ,218341760.0
VHC,98683344.0
VHI,339910528.0
VIA,3090162944.0
VIAV,3727421184.0
VICI,32203286528.0
VICR,3888351232.0
VIK,25390090240.0
VINP,754508800.0
VIR,763796352.0
VIRC,104023536.0
VIRT,7328473600.0
VITL,1376368768.0
VIVK,16976616.0
VIVS,5946153.0
VKTX,4320249344.0
VLGEA,499635552.0
VLN,159690208.0
VLO,55420268544.0
VLTO,24350521344.0
VLY,5837890560.0
VMAR,3910887.0
VMC,37007220736.0
VMD,243962432.0
VMEO,1310347392.0
VMI,7711632384.0
VNCE,32162000.0
VNDA,260025184.0
VNME,258787504.0
VNOM,11942388736.0
VNRX,38185336.0
VNT,5090489856.0
VNTG,27611626.0
VOR,68676160.0
VOXR,275949312.0
VOYA,6617153024.0
VOYG,1077814784.0
VPG,403949760.0
VRA,68444480.0
VRAR,22973392.0
VRAX,2055482.0
VRCA,35232716.0
VRDN,2767818240.0
VRE,1633434112.0
VREX,474582112.0
VRM,105084312.0
VRME,10222125.0
VRNS,3910653696.0
VRNT,1228252672.0
VRRM,3602965248.0
VRSK,30611552256.0
VRSN,23369895936.0
VRT,63716675584.0
VRTS,1049837120.0
VRTX,111278669824.0
VS,7107432.0
VSAT,4512406016.0
VSCO,2812971776.0
VSEC,3895276544.0
VSEE,11932905.0
VSH,1715193216.0
VSME,7340382.0
VST,59294461952.0
VSTA,399296640.0
VSTD,8425941.0
VSTM,611000448.0
VSTS,682930752.0
VTAK,2677078.0
VTEX,696919168.0
VTGN,135607696.0
VTLE,650876800.0
VTOL,1072353664.0
VTR,37108895744.0
VTRS,12306620416.0
VTS,801317632.0
VTSI,56164016.0
VTVT,118731240.0
VTYX,677907072.0
VUZI,170669424.0
VVOS,17936490.0
VVPR,31819118.0
VVV,3981236224.0
VVX,1682712064.0
VWAV,166537280.0
VYGR,228516352.0
VYNE,12272400.0
VYX,1429294336.0
VZ,172915605504.0
VZLA,1555305856.0
W,12972549120.0
WAB,34119634944.0
WABC,1181939328.0
WAFD,2342487808.0
WAFU,7542056.0
WAI,4850865.0
WAL,8151840768.0
WALD,242332144.0
WAT,22502940672.0
WATT,12007473.0
WAY,6560245760.0
WBD,56349138944.0
WBI,1015858688.0
WBS,9058942976.0
WBTN,1601879552.0
WBUY,2812602.0
WBX,61461096.0
WCC,12060567552.0
WCN,43531939840.0
WCT,39833572.0
WD,2119099264.0
WDAY,60061650944.0
WDC,55687131136.0
WDFC,2642662656.0
WEAV,468934848.0
WEC,36397170688.0
WELL,135391936512.0
WEN,1600746752.0
WENN,382316064.0
WERN,1416183552.0
WEST,402791616.0
WETH,28874314.0
WETO,20792200.0
WEX,4676954624.0
WEYS,276616800.0
WFC,267231051776.0
WFCF,62288036.0
WFF,14715999.0
WFG,4629121536.0
WFRD,5098129920.0
WGO,918144960.0
WGRX,59749352.0
WGS,3744589824.0
WH,5344937472.0
WHD,2753605120.0
WHG,146672768.0
WHR,3829337600.0
WHWK,99912120.0
WILC,315267616.0
WIMI,37166444.0
WINA,1457233792.0
WING,6346789888.0
WIT,28705525760.0
WIX,6917343232.0
WK,4998202880.0
WKC,1324521088.0
WKHS,13208319.0
WKSP,16088362.0
WLAC,201296544.0
WLDN,1398583808.0
WLDS,12636120.0
WLFC,959084096.0
WLK,7574529536.0
WLY,1818462208.0
WLYB,1896137728.0
WM,83784261632.0
WMB,73163218944.0
WMG,15867364352.0
WMK,1619039104.0
WMS,10956238848.0
WMT,821584003072.0
WNC,308674208.0
WNEB,233198576.0
WNW,25342232.0
WOK,4547421.0
WOLF,468912224.0
WOOF,787523904.0
WOR,2622127104.0
WORX,3480374.0
WOW,444140672.0
WPC,14682716160.0
WPM,46498459648.0
WPRT,27432808.0
WRAP,113150264.0
WRB,29299632128.0
WRBY,2014497792.0
WRLD,717972672.0
WRN,419012224.0
WS,1569364480.0
WSBC,2864072192.0
WSBF,284296896.0
WSBK,89607440.0
WSC,2960540928.0
WSFS,2924947200.0
WSHP,46621800.0
WSM,22083024896.0
WSO,13743104000.0
WSO-B,14256284672.0
WSR,679886720.0
WST,18878670848.0
WT,1625533696.0
WTBA,356434112.0
WTF,248422992.0
WTFC,8267589632.0
WTG,73912176.0
WTI,279701152.0
WTM,4892806144.0
WTO,5832574.0
WTRG,11302041600.0
WTS,8849863680.0
WTTR,1181130368.0
WTW,31078791168.0
WU,2874408704.0
WULF,4626435072.0
WVE,1195349888.0
WVVI,13082530.0
WW,246577280.0
WWD,15582821376.0
WWR,114449784.0
WWW,1207387008.0
WXM,4399999.0
WY,15519700992.0
WYFI,690306240.0
WYNN,12283787264.0
WYY,65823356.0
XAIR,10732716.0
XBIO,5670078.0
XBIT,75304696.0
XBP,77877840.0
XCH,78476032.0
XCUR,23137146.0
XEL,48098099200.0
XELB,4326098.0
XENE,3138138112.0
XERS,1204610432.0
XFOR,320018272.0
XGN,191956464.0
XHLD,8833767.0
XHR,1375749632.0
XLO,37544936.0
XMTR,2887292928.0
XNCR,1115431552.0
XOM,501698920448.0
XOMA,396630784.0
XOS,24345720.0
XP,9537652736.0
XPEL,1114894080.0
XPER,276158880.0
XPL,53263636.0
XPO,15064125440.0
XPOF,283660608.0
XPON,9863413.0
XPRO,1555884544.0
XRAY,2073345024.0
XRPN,322217984.0
XRTX,3100592.0
XRX,332904000.0
XTIA,40693380.0
XTKG,170202992.0
XTNT,95622896.0
XWEL,5347977.0
XWIN,195377104.0
XXII,6132744.0
XYL,34326704128.0
XYZ,35898400768.0
XZO,1469660160.0
YAAS,3607716.0
YCBD,5369485.0
YCY,147300944.0
YDDL,283445984.0
YDES,756694144.0
YDKG,622545152.0
YELP,1734798720.0
YETI,2921635328.0
YEXT,1021633088.0
YGMZ,5559231.0
YHC,8466442.0
YHGJ,13619662.0
YHNA,81452504.0
YIBO,71667488.0
YJ,8225651.0
YMAT,14018316.0
YORW,461043680.0
YOU,4752670208.0
YPF,16360949760.0
YSXT,56250004.0
YTRA,100314336.0
YUM,41100947456.0
YUMC,16741881856.0
YXT,51815148.0
YYAI,21069270.0
YYGH,14318139.0
Z,16563524608.0
ZBAI,9101321.0
ZBAO,32400588.0
ZBH,17566812160.0
ZBIO,1926008576.0
ZBRA,11789145088.0
ZCMD,15385676.0
ZD,1222296576.0
ZDAI,10161360.0
ZDGE,33807164.0
ZENA,125337704.0
ZENV,75512528.0
ZEO,166332480.0
ZETA,4118105344.0
ZEUS,376800000.0
ZG,16835365888.0
ZGM,23971944.0
ZGN,2464666880.0
ZIM,2048982272.0
ZION,7222599168.0
ZIP,337959808.0
ZJK,107859600.0
ZJYL,43707948.0
ZKIN,16162770.0
ZM,24766547968.0
ZNB,8346313.0
ZNTL,95371032.0
ZONE,2897092.0
ZOOZ,85806880.0
ZS,46686076928.0
ZSPC,15856462.0
ZTEK,81721480.0
ZTS,52650201088.0
ZUMZ,376348416.0
ZURA,259422048.0
ZVIA,168296352.0
ZVRA,516811392.0
ZWS,7514729984.0
ZYBT,103550152.0
ZYME,1810075648.0
ZYXI,17121084.0
