Date,Open,High,Low,Close,Volume
2019-09-19 04:00:00+00:00,158.61,159.3,156.46,157.22,1367000
2019-09-20 04:00:00+00:00,158.01,158.54,154.37,155.5,3094300
2019-09-23 04:00:00+00:00,155.2,158.63,155.2,157.58,1040100
2019-09-24 04:00:00+00:00,159.31,160.55,155.53,156.5,1724700
2019-09-25 04:00:00+00:00,156.35,160.93,156.17,160.59,1198900
2019-09-26 04:00:00+00:00,160.88,162.68,159.94,161.95,1268400
2019-09-27 04:00:00+00:00,160.16,161.32,157.48,158.48,1459100
2019-09-30 04:00:00+00:00,159.46,160.3,157.65,159.45,1115100
2019-10-01 04:00:00+00:00,160.79,162.41,157.73,158.29,917800
2019-10-02 04:00:00+00:00,156.28,157.5,153.63,155.05,1569900
2019-10-03 04:00:00+00:00,155.47,157.69,153.69,156.96,1256200
2019-10-04 04:00:00+00:00,157.64,161.29,157.47,161.11,1165500
2019-10-07 04:00:00+00:00,160.7,162.68,160.2,161.05,908700
2019-10-08 04:00:00+00:00,158.76,159.03,154.33,154.52,1476500
2019-10-09 04:00:00+00:00,157.17,158.81,156.11,157.48,1012000
2019-10-10 04:00:00+00:00,158.02,159.26,156.6,157.4,873300
2019-10-11 04:00:00+00:00,160.97,162.49,158.93,160.22,1174700
2019-10-14 04:00:00+00:00,159.62,160.95,158.31,159.0,1124400
2019-10-15 04:00:00+00:00,160.08,163.54,159.58,162.56,870900
2019-10-16 04:00:00+00:00,160.8,161.97,159.08,159.64,1275000
2019-10-17 04:00:00+00:00,162.71,167.95,161.04,161.51,1611700
2019-10-18 04:00:00+00:00,160.63,162.02,158.32,159.69,1219600
2019-10-21 04:00:00+00:00,160.31,164.29,159.87,164.0,1776400
2019-10-22 04:00:00+00:00,163.88,164.85,162.34,162.82,1183900
2019-10-23 04:00:00+00:00,161.14,162.22,158.27,158.72,1110100
2019-10-24 04:00:00+00:00,164.0,168.95,163.46,168.74,1812400
2019-10-25 04:00:00+00:00,167.69,170.29,166.8,169.94,1101700
2019-10-28 04:00:00+00:00,171.02,175.25,171.02,174.78,1586200
2019-10-29 04:00:00+00:00,174.1,175.32,170.19,170.28,1693600
2019-10-30 04:00:00+00:00,171.82,173.94,169.21,172.96,1700300
2019-10-31 04:00:00+00:00,167.67,170.25,160.4,169.04,2595600
2019-11-01 04:00:00+00:00,170.13,173.14,169.27,172.42,1462300
2019-11-04 05:00:00+00:00,174.78,175.43,172.46,174.02,1021500
2019-11-05 05:00:00+00:00,174.17,175.32,171.43,171.98,1715500
2019-11-06 05:00:00+00:00,171.22,172.76,168.33,172.52,1398000
2019-11-07 05:00:00+00:00,173.58,174.0,171.52,171.95,960500
2019-11-08 05:00:00+00:00,170.33,174.28,170.33,174.21,648900
2019-11-11 05:00:00+00:00,173.63,175.34,171.46,174.43,631000
2019-11-12 05:00:00+00:00,175.13,176.23,173.65,174.42,888900
2019-11-13 05:00:00+00:00,174.2,177.35,173.14,176.35,928500
2019-11-14 05:00:00+00:00,175.97,176.97,174.33,176.6,824000
2019-11-15 05:00:00+00:00,178.83,179.95,177.11,177.86,1570100
2019-11-18 05:00:00+00:00,177.59,178.17,176.73,177.0,1064600
2019-11-19 05:00:00+00:00,177.04,178.0,173.5,175.99,1284500
2019-11-20 05:00:00+00:00,176.13,177.15,172.86,173.67,1126400
2019-11-21 05:00:00+00:00,165.86,166.58,159.62,161.59,3498100
2019-11-22 05:00:00+00:00,160.47,162.65,157.84,158.49,2274700
2019-11-25 05:00:00+00:00,160.34,164.22,160.3,163.35,1894000
2019-11-26 05:00:00+00:00,163.85,164.22,161.11,162.13,2034900
2019-11-27 05:00:00+00:00,163.3,166.26,162.14,165.65,1377800
2019-11-29 05:00:00+00:00,165.09,165.57,163.69,163.86,705400
2019-12-02 05:00:00+00:00,163.95,164.24,160.39,161.06,1150600
2019-12-03 05:00:00+00:00,158.0,159.01,155.56,156.38,1975300
2019-12-04 05:00:00+00:00,159.52,160.79,158.0,160.26,1144800
2019-12-05 05:00:00+00:00,160.49,162.83,160.08,161.5,1320600
2019-12-06 05:00:00+00:00,163.49,165.52,162.85,162.89,989300
2019-12-09 05:00:00+00:00,163.33,163.57,160.63,160.88,766800
2019-12-10 05:00:00+00:00,162.29,164.32,161.43,162.37,1189900
2019-12-11 05:00:00+00:00,162.78,167.43,162.68,167.12,934100
2019-12-12 05:00:00+00:00,166.98,171.92,166.7,171.46,1627000
2019-12-13 05:00:00+00:00,170.95,173.09,170.12,171.24,1152800
2019-12-16 05:00:00+00:00,174.74,175.0,172.03,172.06,1306000
2019-12-17 05:00:00+00:00,172.07,176.12,172.07,175.96,1333400
2019-12-18 05:00:00+00:00,175.9,177.47,175.26,175.26,1516300
2019-12-19 05:00:00+00:00,175.7,176.22,172.86,175.46,1187800
2019-12-20 05:00:00+00:00,176.82,177.84,174.97,177.47,2695100
2019-12-23 05:00:00+00:00,178.86,179.24,176.9,177.11,969100
2019-12-24 05:00:00+00:00,177.79,178.19,176.28,178.11,257700
2019-12-26 05:00:00+00:00,178.58,178.8,177.14,178.75,527900
2019-12-27 05:00:00+00:00,179.25,179.71,177.36,178.52,553900
2019-12-30 05:00:00+00:00,178.02,178.92,175.23,178.37,756400
2019-12-31 05:00:00+00:00,177.39,178.51,176.3,178.17,869400
2020-01-02 05:00:00+00:00,180.78,182.7,180.02,182.57,1056900
2020-01-03 05:00:00+00:00,179.33,181.17,177.86,179.08,833400
2020-01-06 05:00:00+00:00,176.32,177.56,174.09,175.05,1266800
2020-01-07 05:00:00+00:00,176.14,177.77,174.3,176.44,1139300
2020-01-08 05:00:00+00:00,176.5,178.66,175.52,176.67,883500
2020-01-09 05:00:00+00:00,178.41,179.42,174.95,175.49,916900
2020-01-10 05:00:00+00:00,176.41,177.43,171.95,173.01,883800
2020-01-13 05:00:00+00:00,173.97,175.11,173.36,175.1,662000
2020-01-14 05:00:00+00:00,175.91,178.22,174.07,177.48,1279600
2020-01-15 05:00:00+00:00,177.09,178.7,175.85,177.92,922800
2020-01-16 05:00:00+00:00,179.5,181.83,179.01,180.91,1197200
2020-01-17 05:00:00+00:00,180.87,180.9,177.36,178.73,1604700
2020-01-21 05:00:00+00:00,177.65,180.89,177.57,178.81,1571400
2020-01-22 05:00:00+00:00,180.0,182.78,179.87,180.13,1084600
2020-01-23 05:00:00+00:00,179.82,182.66,179.12,182.55,1056900
2020-01-24 05:00:00+00:00,183.88,184.5,178.43,179.4,961000
2020-01-27 05:00:00+00:00,174.77,175.23,169.85,170.31,1581300
2020-01-28 05:00:00+00:00,172.2,176.33,171.7,175.93,938100
2020-01-29 05:00:00+00:00,176.35,176.94,171.66,171.72,1028900
2020-01-30 05:00:00+00:00,173.5,175.37,169.57,172.92,1448000
2020-01-31 05:00:00+00:00,171.38,172.75,165.25,165.74,1505700
2020-02-03 05:00:00+00:00,167.27,170.65,167.01,169.93,1181500
2020-02-04 05:00:00+00:00,174.33,178.8,173.84,178.8,1735900
2020-02-05 05:00:00+00:00,176.06,177.79,168.8,171.28,3113100
2020-02-06 05:00:00+00:00,171.43,173.39,170.15,171.74,1370300
2020-02-07 05:00:00+00:00,170.71,171.27,164.76,165.1,1492800
2020-02-10 05:00:00+00:00,164.1,169.01,164.08,168.92,1680300
2020-02-11 05:00:00+00:00,169.21,173.53,168.33,173.04,1269000
2020-02-12 05:00:00+00:00,174.0,176.46,173.85,175.97,957700
2020-02-13 05:00:00+00:00,175.68,180.08,174.91,178.72,1158000
2020-02-14 05:00:00+00:00,179.12,179.76,174.89,176.28,864800
2020-02-18 05:00:00+00:00,167.0,172.0,166.67,169.23,1778300
2020-02-19 05:00:00+00:00,172.21,174.82,171.0,172.98,1069300
2020-02-20 05:00:00+00:00,171.74,172.42,165.67,167.3,1664400
2020-02-21 05:00:00+00:00,165.67,166.25,160.81,161.12,1909900
2020-02-24 05:00:00+00:00,154.75,156.86,152.9,153.73,2649600
2020-02-25 05:00:00+00:00,155.28,155.99,147.07,147.41,2046900
2020-02-26 05:00:00+00:00,149.0,150.65,146.22,147.27,1879300
2020-02-27 05:00:00+00:00,142.81,148.38,142.27,147.99,3589700
2020-02-28 05:00:00+00:00,142.09,153.93,142.09,153.71,3695100
2020-03-02 05:00:00+00:00,154.5,159.0,151.71,158.74,2706400
2020-03-03 05:00:00+00:00,156.81,159.29,152.38,153.81,2397400
2020-03-04 05:00:00+00:00,157.09,160.71,154.66,160.71,1493300
2020-03-05 05:00:00+00:00,156.65,158.88,154.48,156.69,1697000
2020-03-06 05:00:00+00:00,152.05,156.14,151.49,155.68,1858400
2020-03-09 04:00:00+00:00,144.98,150.49,144.26,144.92,2815600
2020-03-10 04:00:00+00:00,148.51,154.76,145.58,154.57,2438500
2020-03-11 04:00:00+00:00,150.13,152.22,142.62,144.92,2730500
2020-03-12 04:00:00+00:00,135.24,139.0,125.25,125.36,2672700
2020-03-13 04:00:00+00:00,132.82,145.76,127.89,145.37,2804300
2020-03-16 04:00:00+00:00,128.69,140.48,126.19,129.5,2752300
2020-03-17 04:00:00+00:00,131.87,150.44,125.64,149.63,3213600
2020-03-18 04:00:00+00:00,132.25,143.13,127.36,132.02,2664600
2020-03-19 04:00:00+00:00,131.88,135.42,126.76,127.36,1954800
2020-03-20 04:00:00+00:00,129.71,132.55,113.08,114.02,2632600
2020-03-23 04:00:00+00:00,114.32,120.69,110.19,116.36,2124900
2020-03-24 04:00:00+00:00,121.7,136.55,120.0,136.36,2776100
2020-03-25 04:00:00+00:00,135.72,145.94,134.39,137.47,1703000
2020-03-26 04:00:00+00:00,140.77,150.47,139.06,149.76,1870400
2020-03-27 04:00:00+00:00,145.04,147.17,141.32,142.24,2240600
2020-03-30 04:00:00+00:00,142.07,150.57,142.0,149.52,1623700
2020-03-31 04:00:00+00:00,150.84,150.84,141.53,143.74,2907200
2020-04-01 04:00:00+00:00,138.7,141.22,129.66,131.61,1660800
2020-04-02 04:00:00+00:00,129.57,133.79,129.31,132.44,1346000
2020-04-03 04:00:00+00:00,130.82,132.99,125.56,127.94,1143700
2020-04-06 04:00:00+00:00,135.21,149.21,132.93,148.5,1846000
2020-04-07 04:00:00+00:00,154.1,155.0,146.52,147.27,1454100
2020-04-08 04:00:00+00:00,149.59,153.15,146.91,152.37,1350000
2020-04-09 04:00:00+00:00,152.15,157.87,148.49,150.12,1303800
2020-04-13 04:00:00+00:00,149.5,152.42,148.18,152.09,868300
2020-04-14 04:00:00+00:00,155.1,162.34,153.81,161.73,1274700
2020-04-15 04:00:00+00:00,158.18,158.3,151.11,153.22,1278600
2020-04-16 04:00:00+00:00,158.21,160.75,154.23,156.65,1563000
2020-04-17 04:00:00+00:00,160.93,162.29,157.79,161.21,998100
2020-04-20 04:00:00+00:00,158.79,160.34,156.05,156.3,634800
2020-04-21 04:00:00+00:00,153.44,154.18,147.46,148.59,1284700
2020-04-22 04:00:00+00:00,154.31,159.36,151.29,158.68,1207500
2020-04-23 04:00:00+00:00,158.44,160.84,157.01,159.45,1404500
2020-04-24 04:00:00+00:00,160.98,165.57,158.02,164.92,1492500
2020-04-27 04:00:00+00:00,167.04,169.24,164.64,166.06,1030500
2020-04-28 04:00:00+00:00,168.39,170.77,165.95,166.27,1198900
2020-04-29 04:00:00+00:00,169.93,177.17,168.21,175.89,1518900
2020-04-30 04:00:00+00:00,173.95,175.31,163.97,164.09,1241400
2020-05-01 04:00:00+00:00,158.3,158.89,147.71,150.27,2692500
2020-05-04 04:00:00+00:00,149.68,152.87,147.54,152.0,1473200
2020-05-05 04:00:00+00:00,156.46,160.69,153.96,155.63,1868900
2020-05-06 04:00:00+00:00,163.41,169.13,158.46,163.81,2422700
2020-05-07 04:00:00+00:00,167.37,169.69,163.57,163.84,1682200
2020-05-08 04:00:00+00:00,166.83,172.39,165.68,171.5,1265400
2020-05-11 04:00:00+00:00,169.19,169.95,167.28,168.78,1145800
2020-05-12 04:00:00+00:00,170.22,171.19,165.41,165.57,965300
2020-05-13 04:00:00+00:00,165.37,168.61,160.66,164.07,1805100
2020-05-14 04:00:00+00:00,162.55,176.96,158.89,176.75,2683500
2020-05-15 04:00:00+00:00,168.03,171.62,165.98,167.43,3709900
2020-05-18 04:00:00+00:00,171.81,173.47,168.78,172.31,1492100
2020-05-19 04:00:00+00:00,172.21,177.63,171.14,172.52,1074800
2020-05-20 04:00:00+00:00,175.5,180.21,174.97,177.92,1302600
2020-05-21 04:00:00+00:00,176.13,177.25,171.86,172.43,1001800
2020-05-22 04:00:00+00:00,173.77,173.97,170.4,173.0,666400
2020-05-26 04:00:00+00:00,176.91,180.33,174.69,176.64,1911100
2020-05-27 04:00:00+00:00,178.12,178.9,168.24,176.73,1659600
2020-05-28 04:00:00+00:00,177.66,180.22,173.4,174.61,1272000
2020-05-29 04:00:00+00:00,176.0,177.97,173.57,175.96,1792100
2020-06-01 04:00:00+00:00,175.0,178.4,173.45,175.96,1085400
2020-06-02 04:00:00+00:00,175.3,177.55,172.94,177.29,892600
2020-06-03 04:00:00+00:00,178.84,186.95,178.38,186.05,1659800
2020-06-04 04:00:00+00:00,184.81,189.12,183.69,186.29,1068700
2020-06-05 04:00:00+00:00,190.22,196.25,189.33,192.48,1500200
2020-06-08 04:00:00+00:00,193.62,194.06,188.77,191.87,816400
2020-06-09 04:00:00+00:00,190.54,192.55,188.65,191.03,776000
2020-06-10 04:00:00+00:00,192.43,195.0,190.34,192.77,779600
2020-06-11 04:00:00+00:00,191.32,191.32,179.84,180.58,1460300
2020-06-12 04:00:00+00:00,186.17,188.33,180.07,184.69,1253100
2020-06-15 04:00:00+00:00,178.24,188.13,176.58,187.75,1270800
2020-06-16 04:00:00+00:00,193.86,196.97,188.73,192.99,1482500
2020-06-17 04:00:00+00:00,193.17,196.3,192.17,193.89,1246200
2020-06-18 04:00:00+00:00,194.29,194.29,192.05,193.74,938000
2020-06-19 04:00:00+00:00,196.43,197.5,192.05,193.1,3331000
2020-06-22 04:00:00+00:00,189.35,193.77,189.35,191.86,1179200
2020-06-23 04:00:00+00:00,195.16,195.16,192.29,193.21,1089200
2020-06-24 04:00:00+00:00,192.21,193.0,185.69,188.62,1486600
2020-06-25 04:00:00+00:00,190.91,192.71,187.42,192.35,1133700
2020-06-26 04:00:00+00:00,192.63,193.2,189.04,189.57,1713500
2020-06-29 04:00:00+00:00,190.54,191.75,186.59,191.73,677300
2020-06-30 04:00:00+00:00,191.03,195.86,191.03,194.48,1253500
2020-07-01 04:00:00+00:00,194.48,195.27,191.92,193.15,1262000
2020-07-02 04:00:00+00:00,194.56,198.21,194.27,196.51,1247000
2020-07-06 04:00:00+00:00,199.39,206.51,198.22,203.59,1367400
2020-07-07 04:00:00+00:00,203.48,205.33,201.8,202.69,1311300
2020-07-08 04:00:00+00:00,203.33,205.73,201.18,204.51,748700
2020-07-09 04:00:00+00:00,203.0,206.49,200.64,203.59,1083700
2020-07-10 04:00:00+00:00,203.6,204.2,198.23,202.26,994900
2020-07-13 04:00:00+00:00,204.96,207.78,199.08,199.57,1152500
2020-07-14 04:00:00+00:00,197.81,201.65,194.01,200.93,1612000
2020-07-15 04:00:00+00:00,201.86,204.17,194.31,196.04,1454200
2020-07-16 04:00:00+00:00,193.98,197.48,193.0,196.04,989600
2020-07-17 04:00:00+00:00,198.02,198.38,195.02,197.2,824200
2020-07-20 04:00:00+00:00,197.32,203.97,196.57,203.01,756600
2020-07-21 04:00:00+00:00,203.87,204.68,200.79,203.51,921000
2020-07-22 04:00:00+00:00,204.99,206.87,203.21,205.94,947000
2020-07-23 04:00:00+00:00,205.78,209.3,202.29,203.92,1156100
2020-07-24 04:00:00+00:00,196.39,197.26,187.14,188.21,2477400
2020-07-27 04:00:00+00:00,192.27,197.88,190.19,197.07,1857900
2020-07-28 04:00:00+00:00,195.3,196.93,192.19,192.47,1152000
2020-07-29 04:00:00+00:00,191.5,195.72,190.34,195.13,1479800
2020-07-30 04:00:00+00:00,194.81,199.0,193.75,197.9,1166700
2020-07-31 04:00:00+00:00,200.0,200.0,195.04,199.83,1149000
2020-08-03 04:00:00+00:00,202.59,208.04,202.5,207.65,1804600
2020-08-04 04:00:00+00:00,200.24,205.17,200.15,204.9,1727800
2020-08-05 04:00:00+00:00,206.02,206.2,202.37,203.99,834900
2020-08-06 04:00:00+00:00,203.25,204.2,200.99,203.59,1036700
2020-08-07 04:00:00+00:00,201.86,206.53,200.29,202.85,991000
2020-08-10 04:00:00+00:00,201.4,203.36,198.25,203.09,1018900
2020-08-11 04:00:00+00:00,203.56,204.82,200.05,200.54,745100
2020-08-12 04:00:00+00:00,201.56,208.76,201.11,208.0,823600
2020-08-13 04:00:00+00:00,207.79,210.26,206.42,209.96,1152700
2020-08-14 04:00:00+00:00,210.08,215.2,209.5,211.51,1209400
2020-08-17 04:00:00+00:00,213.19,218.57,212.81,216.63,1320400
2020-08-18 04:00:00+00:00,217.71,217.9,211.37,211.76,842700
2020-08-19 04:00:00+00:00,212.71,212.72,209.49,210.54,734300
2020-08-20 04:00:00+00:00,206.6,208.83,205.08,206.85,915200
2020-08-21 04:00:00+00:00,206.75,206.87,202.11,203.97,1425900
2020-08-24 04:00:00+00:00,207.5,208.67,205.3,208.36,922200
2020-08-25 04:00:00+00:00,208.03,211.18,207.19,210.28,869600
2020-08-26 04:00:00+00:00,209.77,212.66,209.6,212.23,615200
2020-08-27 04:00:00+00:00,213.78,214.14,203.5,204.45,1158900
2020-08-28 04:00:00+00:00,204.79,208.92,203.95,208.61,828900
2020-08-31 04:00:00+00:00,207.78,208.11,203.98,205.14,930100
2020-09-01 04:00:00+00:00,205.89,208.49,204.51,207.95,738100
2020-09-02 04:00:00+00:00,210.68,216.17,209.0,215.54,1171500
2020-09-03 04:00:00+00:00,213.61,214.04,200.25,201.41,1807400
2020-09-04 04:00:00+00:00,199.84,200.43,186.78,193.37,2380600
2020-09-08 04:00:00+00:00,181.19,182.67,173.83,174.47,2919000
2020-09-09 04:00:00+00:00,178.92,179.94,172.85,174.46,2314400
2020-09-10 04:00:00+00:00,176.03,177.35,172.62,173.13,2413000
2020-09-11 04:00:00+00:00,174.87,176.52,171.31,171.94,1318800
2020-09-14 04:00:00+00:00,176.56,178.51,174.99,178.08,1254300
2020-09-15 04:00:00+00:00,179.98,180.94,177.33,180.76,1441300
2020-09-16 04:00:00+00:00,182.4,185.19,180.61,180.81,1624500
2020-09-17 04:00:00+00:00,175.37,180.72,174.7,180.49,1090100
2020-09-18 04:00:00+00:00,181.23,184.55,176.64,178.96,1792800
2020-09-21 04:00:00+00:00,178.36,181.22,175.61,181.1,1099300
2020-09-22 04:00:00+00:00,182.81,183.62,177.54,183.3,837400
2020-09-23 04:00:00+00:00,184.38,186.33,179.96,180.79,1136500
2020-09-24 04:00:00+00:00,178.08,187.56,178.08,184.54,1134100
2020-09-25 04:00:00+00:00,183.71,188.62,181.58,187.91,906900
2020-09-28 04:00:00+00:00,188.14,193.68,186.8,193.25,1348500
2020-09-29 04:00:00+00:00,194.86,195.81,192.6,193.33,762600
2020-09-30 04:00:00+00:00,192.67,196.46,191.05,193.74,1019300
2020-10-01 04:00:00+00:00,197.62,200.21,195.66,198.98,915200
2020-10-02 04:00:00+00:00,192.09,196.32,190.8,191.96,1092100
2020-10-05 04:00:00+00:00,193.28,200.0,192.72,199.95,1242100
2020-10-06 04:00:00+00:00,199.89,205.84,198.68,199.83,1278700
2020-10-07 04:00:00+00:00,203.0,205.69,201.11,202.9,1164800
2020-10-08 04:00:00+00:00,205.49,206.95,204.47,206.69,686000
2020-10-09 04:00:00+00:00,209.98,212.11,208.79,211.04,1199900
2020-10-12 04:00:00+00:00,213.96,215.9,212.6,214.55,1289000
2020-10-13 04:00:00+00:00,215.9,221.66,214.09,219.94,944300
2020-10-14 04:00:00+00:00,220.09,223.54,215.11,216.0,1399000
2020-10-15 04:00:00+00:00,209.39,213.86,208.11,213.09,1168500
2020-10-16 04:00:00+00:00,214.43,214.84,207.6,208.4,1225900
2020-10-19 04:00:00+00:00,212.34,212.34,206.0,206.81,994600
2020-10-20 04:00:00+00:00,208.84,209.3,205.06,205.72,607200
2020-10-21 04:00:00+00:00,205.76,208.86,205.63,206.3,607000
2020-10-22 04:00:00+00:00,205.3,205.95,201.52,203.31,884900
2020-10-23 04:00:00+00:00,205.15,206.49,202.2,203.17,842900
2020-10-26 04:00:00+00:00,200.65,202.42,197.04,198.94,942600
2020-10-27 04:00:00+00:00,200.01,200.49,197.13,198.59,739200
2020-10-28 04:00:00+00:00,194.52,196.24,190.48,190.55,1554800
2020-10-29 04:00:00+00:00,190.4,204.08,190.21,201.95,1351500
2020-10-30 04:00:00+00:00,198.5,201.0,195.34,197.18,1047300
2020-11-02 05:00:00+00:00,199.8,203.22,198.82,202.23,817900
2020-11-03 05:00:00+00:00,205.06,212.4,204.51,210.88,1188100
2020-11-04 05:00:00+00:00,214.31,221.78,210.59,220.53,1356800
2020-11-05 05:00:00+00:00,222.86,228.93,222.86,228.1,1276400
2020-11-06 05:00:00+00:00,228.88,233.28,225.72,231.68,696000
2020-11-09 05:00:00+00:00,237.71,242.6,231.93,232.32,1135000
2020-11-10 05:00:00+00:00,230.0,232.27,223.13,223.73,1071600
2020-11-11 05:00:00+00:00,227.21,234.13,225.7,233.51,994800
2020-11-12 05:00:00+00:00,235.13,236.13,231.31,233.26,895300
2020-11-13 05:00:00+00:00,237.15,240.92,235.51,236.1,892700
2020-11-16 05:00:00+00:00,237.64,242.57,236.37,241.78,882800
2020-11-17 05:00:00+00:00,242.45,243.82,239.7,241.84,1401200
2020-11-18 05:00:00+00:00,243.61,244.74,239.95,240.34,832200
2020-11-19 05:00:00+00:00,236.12,244.37,236.01,243.75,716400
2020-11-20 05:00:00+00:00,244.31,247.39,242.48,242.57,583000
2020-11-23 05:00:00+00:00,243.28,250.44,242.66,250.24,720400
2020-11-24 05:00:00+00:00,250.75,251.7,247.8,250.17,750200
2020-11-25 05:00:00+00:00,250.0,251.1,247.12,248.95,547200
2020-11-27 05:00:00+00:00,251.11,256.22,251.11,254.13,335500
2020-11-30 05:00:00+00:00,256.99,256.99,248.42,251.97,1017600
2020-12-01 05:00:00+00:00,254.46,258.72,252.59,256.66,903500
2020-12-02 05:00:00+00:00,254.78,258.52,254.27,256.32,849000
2020-12-03 05:00:00+00:00,258.65,261.85,257.05,257.39,518600
2020-12-04 05:00:00+00:00,258.15,264.17,258.08,263.7,749000
2020-12-07 05:00:00+00:00,265.23,267.93,262.8,266.7,693400
2020-12-08 05:00:00+00:00,267.08,268.74,264.69,266.94,712700
2020-12-09 05:00:00+00:00,266.61,268.89,253.84,256.49,1197100
2020-12-10 05:00:00+00:00,255.15,259.12,253.59,255.98,1009700
2020-12-11 05:00:00+00:00,253.6,257.88,252.26,257.63,1124300
2020-12-14 05:00:00+00:00,257.47,263.87,257.47,260.13,1039500
2020-12-15 05:00:00+00:00,263.99,264.79,259.59,261.01,774100
2020-12-16 05:00:00+00:00,261.37,261.51,257.76,260.55,699100
2020-12-17 05:00:00+00:00,262.88,263.35,257.71,259.68,1355100
2020-12-18 05:00:00+00:00,258.75,262.88,257.28,262.15,2220200
2020-12-21 05:00:00+00:00,258.72,262.05,258.0,260.77,1023200
2020-12-22 05:00:00+00:00,259.94,261.0,256.26,257.59,753400
2020-12-23 05:00:00+00:00,258.45,258.57,252.52,252.79,676400
2020-12-24 05:00:00+00:00,254.86,259.08,253.97,259.08,367200
2020-12-28 05:00:00+00:00,260.79,261.5,257.21,257.58,497400
2020-12-29 05:00:00+00:00,258.04,258.76,252.02,254.36,579200
2020-12-30 05:00:00+00:00,256.64,262.37,255.21,260.15,641500
2020-12-31 05:00:00+00:00,258.07,259.99,255.56,258.91,728000
2021-01-04 05:00:00+00:00,262.06,270.28,257.7,260.33,1252000
2021-01-05 05:00:00+00:00,260.19,266.32,258.96,265.79,1074900
2021-01-06 05:00:00+00:00,262.45,270.94,261.81,265.21,850600
2021-01-07 05:00:00+00:00,268.69,279.35,268.36,278.19,1011700
2021-01-08 05:00:00+00:00,282.22,287.34,279.56,283.18,1051800
2021-01-11 05:00:00+00:00,281.35,290.85,278.01,289.11,1203900
2021-01-12 05:00:00+00:00,289.0,296.3,287.0,290.99,1323500
2021-01-13 05:00:00+00:00,288.75,293.52,285.16,290.1,1154500
2021-01-14 05:00:00+00:00,302.82,315.87,301.91,303.88,2431200
2021-01-15 05:00:00+00:00,303.49,304.81,296.0,304.13,1606600
2021-01-19 05:00:00+00:00,307.84,316.8,307.84,314.08,1275000
2021-01-20 05:00:00+00:00,316.92,317.6,302.25,304.33,1019600
2021-01-21 05:00:00+00:00,307.96,308.9,300.43,305.2,1063100
2021-01-22 05:00:00+00:00,305.3,309.36,304.47,305.01,725000
2021-01-25 05:00:00+00:00,309.4,312.33,303.3,308.9,955700
2021-01-26 05:00:00+00:00,310.0,310.74,302.82,303.55,832100
2021-01-27 05:00:00+00:00,297.3,298.81,283.05,284.44,1657800
2021-01-28 05:00:00+00:00,290.73,296.74,288.45,291.1,1021200
2021-01-29 05:00:00+00:00,287.06,289.2,279.72,280.07,1163800
2021-02-01 05:00:00+00:00,286.02,294.02,282.49,292.62,1052500
2021-02-02 05:00:00+00:00,296.0,299.62,293.62,298.78,1106900
2021-02-03 05:00:00+00:00,301.6,301.6,285.54,286.3,1279900
2021-02-04 05:00:00+00:00,288.44,298.18,286.32,294.23,1401800
2021-02-05 05:00:00+00:00,296.03,298.15,286.59,288.03,890400
2021-02-08 05:00:00+00:00,289.94,302.59,288.66,302.26,1018200
2021-02-09 05:00:00+00:00,300.29,305.45,296.52,298.31,735500
2021-02-10 05:00:00+00:00,302.13,304.14,296.0,297.61,546900
2021-02-11 05:00:00+00:00,299.41,326.49,299.41,324.48,2285700
2021-02-12 05:00:00+00:00,321.53,334.77,318.92,331.81,1503000
2021-02-16 05:00:00+00:00,332.5,342.21,332.5,337.18,1395900
2021-02-17 05:00:00+00:00,333.26,334.7,323.37,330.3,1062800
2021-02-18 05:00:00+00:00,326.1,328.0,321.14,325.16,1005500
2021-02-19 05:00:00+00:00,330.62,338.0,327.99,330.67,1512400
2021-02-22 05:00:00+00:00,325.0,326.98,313.85,316.16,1123100
2021-02-23 05:00:00+00:00,307.74,321.47,303.67,318.78,1745700
2021-02-24 05:00:00+00:00,313.84,328.73,310.08,328.43,1170100
2021-02-25 05:00:00+00:00,322.69,326.35,302.48,304.79,1528000
2021-02-26 05:00:00+00:00,311.32,314.73,303.17,311.23,1316000
2021-03-01 05:00:00+00:00,316.02,326.4,315.01,325.99,1294000
2021-03-02 05:00:00+00:00,325.88,326.68,309.65,309.82,1175900
2021-03-03 05:00:00+00:00,310.49,315.06,303.53,303.81,1155200
2021-03-04 05:00:00+00:00,302.18,306.26,282.33,287.62,1655300
2021-03-05 05:00:00+00:00,292.69,297.25,278.18,295.87,1631100
2021-03-08 05:00:00+00:00,291.01,293.83,273.24,274.04,2182500
2021-03-09 05:00:00+00:00,283.63,296.29,282.29,294.1,1944100
2021-03-10 05:00:00+00:00,299.76,300.38,282.73,283.45,1688000
2021-03-11 05:00:00+00:00,294.05,301.97,290.0,296.36,1709500
2021-03-12 05:00:00+00:00,288.87,294.78,285.97,294.27,1298400
2021-03-15 04:00:00+00:00,293.47,299.32,291.42,298.96,1321900
2021-03-16 04:00:00+00:00,299.72,305.96,298.88,301.95,1544200
2021-03-17 04:00:00+00:00,296.18,309.91,291.12,305.39,1906300
2021-03-18 04:00:00+00:00,298.3,299.75,287.78,288.74,2041200
2021-03-19 04:00:00+00:00,287.97,297.24,284.49,292.88,3220700
2021-03-22 04:00:00+00:00,300.0,308.13,298.31,305.36,1820000
2021-03-23 04:00:00+00:00,306.51,307.48,296.11,297.06,1766300
2021-03-24 04:00:00+00:00,310.5,317.0,297.55,297.89,1669200
2021-03-25 04:00:00+00:00,293.03,301.0,286.94,299.41,1188000
2021-03-26 04:00:00+00:00,298.71,320.25,298.71,319.94,1650500
2021-03-29 04:00:00+00:00,317.73,317.85,306.88,314.31,1428400
2021-03-30 04:00:00+00:00,312.81,318.51,311.69,317.07,924100
2021-03-31 04:00:00+00:00,321.75,333.3,321.17,330.4,1811800
2021-04-01 04:00:00+00:00,337.0,347.79,337.0,347.29,1885700
2021-04-05 04:00:00+00:00,349.05,359.69,346.07,355.08,1496100
2021-04-06 04:00:00+00:00,353.12,353.8,340.56,346.6,1690400
2021-04-07 04:00:00+00:00,347.71,352.7,343.68,348.04,985500
2021-04-08 04:00:00+00:00,354.0,354.27,348.42,354.04,1125000
2021-04-09 04:00:00+00:00,351.92,355.08,348.23,352.85,913800
2021-04-12 04:00:00+00:00,349.57,350.7,343.33,345.1,1376100
2021-04-13 04:00:00+00:00,349.52,349.52,339.12,344.13,1226400
2021-04-14 04:00:00+00:00,340.0,346.67,335.18,336.5,1186100
2021-04-15 04:00:00+00:00,341.79,342.16,335.71,338.54,1198100
2021-04-16 04:00:00+00:00,339.07,339.86,332.98,333.0,958100
2021-04-19 04:00:00+00:00,330.96,333.62,318.28,324.39,1551700
2021-04-20 04:00:00+00:00,323.11,325.84,317.78,318.92,1477200
2021-04-21 04:00:00+00:00,322.45,332.22,319.57,331.79,1697700
2021-04-22 04:00:00+00:00,329.45,331.87,322.76,325.08,1045400
2021-04-23 04:00:00+00:00,327.99,334.1,326.69,332.07,1182000
2021-04-26 04:00:00+00:00,334.01,337.57,330.99,335.81,1039400
2021-04-27 04:00:00+00:00,340.0,340.0,329.26,330.49,939800
2021-04-28 04:00:00+00:00,329.5,330.74,324.23,324.84,983200
2021-04-29 04:00:00+00:00,325.92,328.73,318.66,326.36,1294900
2021-04-30 04:00:00+00:00,315.03,321.65,312.92,315.35,1434100
2021-05-03 04:00:00+00:00,317.62,318.8,308.49,311.23,1412200
2021-05-04 04:00:00+00:00,305.82,308.09,299.42,307.94,1592200
2021-05-05 04:00:00+00:00,313.17,316.74,306.4,311.92,1157100
2021-05-06 04:00:00+00:00,309.51,316.28,307.69,315.89,935200
2021-05-07 04:00:00+00:00,319.99,323.0,316.66,319.7,848300
2021-05-10 04:00:00+00:00,309.95,313.88,299.46,299.9,1576900
2021-05-11 04:00:00+00:00,291.01,301.56,289.72,300.28,987700
2021-05-12 04:00:00+00:00,292.54,295.76,285.89,286.74,1400300
2021-05-13 04:00:00+00:00,294.54,300.67,293.73,296.76,1533300
2021-05-14 04:00:00+00:00,298.48,309.09,296.02,305.75,1508100
2021-05-17 04:00:00+00:00,298.45,300.85,292.18,297.72,1352800
2021-05-18 04:00:00+00:00,302.37,302.99,293.48,293.92,1087600
2021-05-19 04:00:00+00:00,288.05,304.24,286.58,303.94,1301000
2021-05-20 04:00:00+00:00,305.43,315.0,305.43,313.36,1449900
2021-05-21 04:00:00+00:00,314.97,314.97,308.71,310.14,1049700
2021-05-24 04:00:00+00:00,314.34,320.12,313.81,317.55,1209100
2021-05-25 04:00:00+00:00,320.13,323.91,316.54,317.92,1258300
2021-05-26 04:00:00+00:00,319.2,322.0,315.71,317.39,1078100
2021-05-27 04:00:00+00:00,316.85,321.58,315.9,316.54,1195100
2021-05-28 04:00:00+00:00,318.19,320.31,316.46,316.89,885500
2021-06-01 04:00:00+00:00,319.89,324.75,314.39,315.73,1024700
2021-06-02 04:00:00+00:00,316.1,318.48,312.8,315.59,881700
2021-06-03 04:00:00+00:00,311.78,312.46,307.33,308.78,1243000
2021-06-04 04:00:00+00:00,311.38,318.07,311.15,316.99,898400
2021-06-07 04:00:00+00:00,315.38,319.33,312.63,318.55,1098500
2021-06-08 04:00:00+00:00,322.6,323.65,311.85,313.8,615000
2021-06-09 04:00:00+00:00,321.13,322.82,313.86,314.16,748000
2021-06-10 04:00:00+00:00,316.12,320.6,314.53,319.31,690900
2021-06-11 04:00:00+00:00,320.65,321.35,317.4,320.11,770300
2021-06-14 04:00:00+00:00,320.93,325.91,318.93,325.21,634300
2021-06-15 04:00:00+00:00,324.45,326.59,319.29,320.59,718400
2021-06-16 04:00:00+00:00,322.87,323.29,313.23,315.9,856300
2021-06-17 04:00:00+00:00,315.07,321.33,313.14,318.42,919700
2021-06-18 04:00:00+00:00,313.88,314.72,303.16,304.48,1925900
2021-06-21 04:00:00+00:00,306.02,309.61,302.48,308.81,882400
2021-06-22 04:00:00+00:00,307.64,309.58,304.21,308.62,672300
2021-06-23 04:00:00+00:00,308.86,312.95,308.62,310.86,656600
2021-06-24 04:00:00+00:00,313.49,316.15,312.28,315.89,730700
2021-06-25 04:00:00+00:00,315.62,318.33,313.96,316.26,3921200
2021-06-28 04:00:00+00:00,319.25,325.49,318.4,322.26,861600
2021-06-29 04:00:00+00:00,322.0,326.03,321.54,325.2,544800
2021-06-30 04:00:00+00:00,325.0,325.01,320.87,324.21,697600
2021-07-01 04:00:00+00:00,324.15,324.3,311.53,311.74,1417100
2021-07-02 04:00:00+00:00,313.73,314.0,308.01,311.82,1053200
2021-07-06 04:00:00+00:00,312.71,316.28,305.26,311.25,1071400
2021-07-07 04:00:00+00:00,314.12,314.94,305.88,307.06,988900
2021-07-08 04:00:00+00:00,301.03,305.13,298.73,303.09,896000
2021-07-09 04:00:00+00:00,303.71,309.58,301.6,308.76,726700
2021-07-12 04:00:00+00:00,310.02,314.29,308.9,314.02,883300
2021-07-13 04:00:00+00:00,312.12,315.0,310.0,311.61,568400
2021-07-14 04:00:00+00:00,313.75,318.3,308.46,309.12,763100
2021-07-15 04:00:00+00:00,308.21,310.0,301.72,303.75,910300
2021-07-16 04:00:00+00:00,305.28,307.89,292.3,293.22,1794400
2021-07-19 04:00:00+00:00,289.93,294.36,287.44,294.33,1332200
2021-07-20 04:00:00+00:00,295.3,304.83,292.68,302.77,1202500
2021-07-21 04:00:00+00:00,304.34,318.3,303.86,316.88,1607600
2021-07-22 04:00:00+00:00,315.0,318.14,311.99,314.36,790200
2021-07-23 04:00:00+00:00,316.93,322.0,315.45,320.76,705200
2021-07-26 04:00:00+00:00,320.17,322.33,315.61,318.63,655100
2021-07-27 04:00:00+00:00,315.3,315.3,302.53,309.0,1081200
2021-07-28 04:00:00+00:00,311.0,316.91,309.47,315.57,646800
2021-07-29 04:00:00+00:00,313.45,320.15,310.37,319.43,1119100
2021-07-30 04:00:00+00:00,339.49,356.71,335.56,348.16,2656900
2021-08-02 04:00:00+00:00,348.16,356.7,344.79,345.91,1128200
2021-08-03 04:00:00+00:00,347.23,349.52,343.0,346.89,925400
2021-08-04 04:00:00+00:00,346.89,356.0,346.89,353.8,1161900
2021-08-05 04:00:00+00:00,355.54,356.63,349.51,353.71,730400
2021-08-06 04:00:00+00:00,351.54,354.8,351.14,353.35,908400
2021-08-09 04:00:00+00:00,353.52,356.07,351.3,351.52,748600
2021-08-10 04:00:00+00:00,351.24,352.04,340.6,342.0,1476800
2021-08-11 04:00:00+00:00,343.85,345.03,336.29,342.66,832300
2021-08-12 04:00:00+00:00,337.5,339.85,328.18,328.51,1356600
2021-08-13 04:00:00+00:00,327.14,329.13,325.8,327.88,596500
2021-08-16 04:00:00+00:00,327.03,331.54,325.83,329.19,1073600
2021-08-17 04:00:00+00:00,325.86,327.02,316.86,322.45,1255600
2021-08-18 04:00:00+00:00,320.52,326.48,317.17,317.55,1117900
2021-08-19 04:00:00+00:00,314.79,323.6,313.5,322.35,729900
2021-08-20 04:00:00+00:00,324.73,327.44,315.46,319.97,794300
2021-08-23 04:00:00+00:00,323.96,329.61,323.38,328.54,1274700
2021-08-24 04:00:00+00:00,329.68,334.3,326.37,328.0,621500
2021-08-25 04:00:00+00:00,325.7,335.54,325.7,334.02,839200
2021-08-26 04:00:00+00:00,334.59,336.73,332.09,333.75,495500
2021-08-27 04:00:00+00:00,335.63,343.53,334.86,342.93,692600
2021-08-30 04:00:00+00:00,345.34,346.9,338.83,342.11,516000
2021-08-31 04:00:00+00:00,343.67,343.67,333.73,339.96,1003200
2021-09-01 04:00:00+00:00,340.95,341.59,335.14,335.45,668100
2021-09-02 04:00:00+00:00,337.89,339.66,335.36,337.71,470600
2021-09-03 04:00:00+00:00,336.11,342.51,336.11,341.75,481800
2021-09-07 04:00:00+00:00,342.63,343.08,337.91,341.81,570300
2021-09-08 04:00:00+00:00,341.16,341.16,334.56,336.75,774800
2021-09-09 04:00:00+00:00,335.92,348.89,335.57,347.83,1200100
2021-09-10 04:00:00+00:00,351.0,359.1,350.31,350.57,1241300
2021-09-13 04:00:00+00:00,354.61,358.32,349.3,355.6,974200
2021-09-14 04:00:00+00:00,360.52,364.79,353.51,356.39,1349300
2021-09-15 04:00:00+00:00,357.35,367.54,354.05,367.34,1566300
2021-09-16 04:00:00+00:00,365.0,373.73,363.2,372.02,1970700
2021-09-17 04:00:00+00:00,374.4,374.6,366.61,369.81,2162500
2021-09-20 04:00:00+00:00,360.4,361.56,349.77,355.18,1312300
2021-09-21 04:00:00+00:00,358.95,359.44,349.64,356.58,1160400
2021-09-22 04:00:00+00:00,359.13,366.31,356.0,365.51,762400
2021-09-23 04:00:00+00:00,366.66,372.41,365.77,370.98,948300
2021-09-24 04:00:00+00:00,367.67,370.65,366.79,369.53,433800
2021-09-27 04:00:00+00:00,364.51,369.41,362.8,365.78,844000
2021-09-28 04:00:00+00:00,352.34,356.94,346.33,347.03,1620600
2021-09-29 04:00:00+00:00,348.68,349.74,334.81,335.3,1202300
2021-09-30 04:00:00+00:00,338.28,342.23,333.9,334.51,962200
2021-10-01 04:00:00+00:00,336.72,338.45,328.78,335.02,904600
2021-10-04 04:00:00+00:00,332.12,332.62,325.59,329.07,1147600
2021-10-05 04:00:00+00:00,332.96,334.44,328.24,331.23,774300
2021-10-06 04:00:00+00:00,326.79,330.22,324.36,329.1,820900
2021-10-07 04:00:00+00:00,333.49,336.17,329.32,330.1,811900
2021-10-08 04:00:00+00:00,332.29,332.37,324.82,326.05,643100
2021-10-11 04:00:00+00:00,324.57,331.21,324.54,325.2,528700
2021-10-12 04:00:00+00:00,327.51,328.29,317.99,319.55,855500
2021-10-13 04:00:00+00:00,323.86,326.0,319.09,320.41,690600
2021-10-14 04:00:00+00:00,331.31,331.31,326.61,329.78,959000
2021-10-15 04:00:00+00:00,330.17,332.39,327.89,329.1,772500
2021-10-18 04:00:00+00:00,326.68,328.23,322.33,326.77,1377800
2021-10-19 04:00:00+00:00,325.7,332.72,325.56,332.14,820600
2021-10-20 04:00:00+00:00,331.71,333.95,328.22,331.03,702000
2021-10-21 04:00:00+00:00,326.88,336.13,323.39,335.51,870600
2021-10-22 04:00:00+00:00,342.12,357.92,340.54,343.03,1856200
2021-10-25 04:00:00+00:00,347.71,347.71,341.68,343.23,1057500
2021-10-26 04:00:00+00:00,349.12,349.12,337.48,341.97,868000
2021-10-27 04:00:00+00:00,340.96,345.43,336.28,340.57,1196200
2021-10-28 04:00:00+00:00,366.44,388.99,352.5,355.34,2350800
2021-10-29 04:00:00+00:00,352.23,374.11,351.98,372.76,1604200
2021-11-01 04:00:00+00:00,373.0,380.49,369.16,380.26,2049400
2021-11-02 04:00:00+00:00,381.04,388.82,381.01,388.75,1186300
2021-11-03 04:00:00+00:00,390.0,393.87,383.06,393.67,1237300
2021-11-04 04:00:00+00:00,394.08,409.65,393.67,409.08,1703800
2021-11-05 04:00:00+00:00,410.32,418.4,405.63,416.73,1655500
2021-11-08 05:00:00+00:00,416.75,419.33,410.59,412.84,1247800
2021-11-09 05:00:00+00:00,412.93,417.6,410.42,417.11,837700
2021-11-10 05:00:00+00:00,410.04,418.0,403.34,404.35,1169800
2021-11-11 05:00:00+00:00,410.21,414.22,408.0,412.79,620100
2021-11-12 05:00:00+00:00,412.47,417.34,409.8,413.28,627100
2021-11-15 05:00:00+00:00,418.0,418.85,410.53,413.06,654200
2021-11-16 05:00:00+00:00,413.01,424.02,411.17,423.2,1151000
2021-11-17 05:00:00+00:00,421.77,424.05,417.59,419.84,1476600
2021-11-18 05:00:00+00:00,422.83,424.84,417.36,423.24,887700
2021-11-19 05:00:00+00:00,422.03,426.84,420.87,422.38,746300
2021-11-22 05:00:00+00:00,423.91,427.24,407.39,407.9,1604300
2021-11-23 05:00:00+00:00,407.14,412.36,400.8,411.98,1161600
2021-11-24 05:00:00+00:00,410.39,413.35,401.12,413.3,730300
2021-11-26 05:00:00+00:00,406.71,410.1,397.04,398.96,756300
2021-11-29 05:00:00+00:00,402.81,414.61,402.81,413.84,1084500
2021-11-30 05:00:00+00:00,412.66,418.43,405.82,408.13,1548600
2021-12-01 05:00:00+00:00,415.25,428.22,408.18,412.18,1637100
2021-12-02 05:00:00+00:00,408.72,415.87,401.21,402.53,1610000
2021-12-03 05:00:00+00:00,407.62,410.91,394.61,400.68,1313000
2021-12-06 05:00:00+00:00,402.92,403.42,390.17,399.53,1284300
2021-12-07 05:00:00+00:00,406.56,420.48,405.77,419.15,1348100
2021-12-08 05:00:00+00:00,418.58,422.31,413.3,421.28,952200
2021-12-09 05:00:00+00:00,418.25,420.12,408.82,409.37,1091600
2021-12-10 05:00:00+00:00,415.17,417.55,404.09,410.69,833800
2021-12-13 05:00:00+00:00,410.69,410.77,396.83,399.75,1189400
2021-12-14 05:00:00+00:00,395.79,402.3,394.18,399.46,993300
2021-12-15 05:00:00+00:00,400.44,411.54,392.77,409.91,2186900
2021-12-16 05:00:00+00:00,414.0,414.99,395.09,397.31,2306600
2021-12-17 05:00:00+00:00,396.34,397.48,387.0,391.55,3228000
2021-12-20 05:00:00+00:00,385.88,393.13,381.63,385.5,1850200
2021-12-21 05:00:00+00:00,403.15,412.2,401.06,409.4,2267000
2021-12-22 05:00:00+00:00,406.28,413.38,403.55,413.21,719600
2021-12-23 05:00:00+00:00,415.23,424.49,415.03,420.76,878000
2021-12-27 05:00:00+00:00,422.23,441.55,422.01,440.17,1302800
2021-12-28 05:00:00+00:00,441.54,442.44,430.32,432.15,751900
2021-12-29 05:00:00+00:00,432.78,438.91,431.53,435.08,613900
2021-12-30 05:00:00+00:00,435.45,436.0,426.29,427.08,615000
2021-12-31 05:00:00+00:00,427.9,431.93,427.26,430.11,525000
2022-01-03 05:00:00+00:00,431.14,435.64,425.61,435.09,1044300
2022-01-04 05:00:00+00:00,434.38,436.84,417.6,431.24,964900
2022-01-05 05:00:00+00:00,432.16,435.09,419.68,420.74,1174000
2022-01-06 05:00:00+00:00,420.63,435.05,417.77,432.22,1268500
2022-01-07 05:00:00+00:00,429.81,435.53,416.19,416.91,1155000
2022-01-10 05:00:00+00:00,410.21,419.52,404.7,418.73,1341100
2022-01-11 05:00:00+00:00,414.86,425.87,410.5,425.61,1018500
2022-01-12 05:00:00+00:00,429.62,436.99,429.62,433.86,1213100
2022-01-13 05:00:00+00:00,446.25,457.12,420.41,421.48,2290400
2022-01-14 05:00:00+00:00,419.17,445.52,418.79,445.0,1422000
2022-01-18 05:00:00+00:00,437.15,438.27,412.01,412.98,1710200
2022-01-19 05:00:00+00:00,417.77,421.86,392.84,393.19,1511400
2022-01-20 05:00:00+00:00,400.0,407.62,382.32,383.28,1578600
2022-01-21 05:00:00+00:00,379.02,388.5,370.64,373.03,1934900
2022-01-24 05:00:00+00:00,367.69,393.57,362.9,391.1,3310800
2022-01-25 05:00:00+00:00,378.01,382.0,369.65,370.11,1782800
2022-01-26 05:00:00+00:00,383.78,398.04,374.18,380.6,2381800
2022-01-27 05:00:00+00:00,375.8,378.84,358.96,361.8,3076600
2022-01-28 05:00:00+00:00,352.55,366.94,344.03,366.65,2111700
2022-01-31 05:00:00+00:00,366.32,389.73,366.16,389.27,2216500
2022-02-01 05:00:00+00:00,389.82,391.5,375.26,388.03,1357700
2022-02-02 05:00:00+00:00,391.21,396.75,385.27,395.46,1322300
2022-02-03 05:00:00+00:00,385.58,389.24,372.46,373.68,1868400
2022-02-04 05:00:00+00:00,373.09,380.61,368.11,377.38,1129200
2022-02-07 05:00:00+00:00,378.49,381.57,374.11,375.6,1084000
2022-02-08 05:00:00+00:00,375.17,386.34,372.92,385.22,1975200
2022-02-09 05:00:00+00:00,393.53,401.22,390.0,400.13,1460800
2022-02-10 05:00:00+00:00,390.45,405.78,387.3,389.71,1326400
2022-02-11 05:00:00+00:00,391.14,393.9,365.08,369.23,1657800
2022-02-14 05:00:00+00:00,370.17,377.94,359.32,365.16,1264100
2022-02-15 05:00:00+00:00,373.48,389.31,372.61,387.5,1565200
2022-02-16 05:00:00+00:00,381.95,387.52,377.5,385.65,1600200
2022-02-17 05:00:00+00:00,379.29,381.33,365.06,366.05,1821800
2022-02-18 05:00:00+00:00,370.0,370.0,353.25,358.3,1368900
2022-02-22 05:00:00+00:00,355.06,365.32,348.62,355.74,1667000
2022-02-23 05:00:00+00:00,359.33,364.23,342.2,343.78,1636800
2022-02-24 05:00:00+00:00,331.7,358.28,329.26,357.89,1676400
2022-02-25 05:00:00+00:00,356.7,359.87,350.85,357.65,1578300
2022-02-28 05:00:00+00:00,353.42,356.47,341.13,348.5,1883000
2022-03-01 05:00:00+00:00,346.58,349.35,333.15,336.79,1427500
2022-03-02 05:00:00+00:00,342.31,348.0,337.27,346.07,1289400
2022-03-03 05:00:00+00:00,349.03,349.58,338.32,342.53,1028500
2022-03-04 05:00:00+00:00,338.74,341.0,326.95,332.1,1566500
2022-03-07 05:00:00+00:00,334.51,337.49,313.9,314.14,1641100
2022-03-08 05:00:00+00:00,316.25,332.86,310.55,321.82,1805000
2022-03-09 05:00:00+00:00,331.11,341.99,330.97,339.56,1521300
2022-03-10 05:00:00+00:00,330.74,334.42,322.73,328.79,1555800
2022-03-11 05:00:00+00:00,336.1,338.02,322.78,323.27,958700
2022-03-14 04:00:00+00:00,324.23,331.14,318.01,320.0,1558700
2022-03-15 04:00:00+00:00,323.68,334.13,323.38,333.22,1333500
2022-03-16 04:00:00+00:00,337.01,351.3,333.26,350.92,1549500
2022-03-17 04:00:00+00:00,346.43,354.39,345.02,352.61,1014400
2022-03-18 04:00:00+00:00,350.56,366.42,346.86,365.05,2996400
2022-03-21 04:00:00+00:00,360.35,364.07,350.81,356.28,1333200
2022-03-22 04:00:00+00:00,356.59,364.65,356.59,361.03,842500
2022-03-23 04:00:00+00:00,360.24,360.24,348.27,348.73,1163300
2022-03-24 04:00:00+00:00,353.99,366.11,350.16,365.89,1066900
2022-03-25 04:00:00+00:00,363.4,368.88,359.37,366.44,942200
2022-03-28 04:00:00+00:00,369.18,375.65,363.1,375.35,1088700
2022-03-29 04:00:00+00:00,381.05,386.93,377.45,384.33,1061900
2022-03-30 04:00:00+00:00,383.4,383.45,371.57,373.82,1123000
2022-03-31 04:00:00+00:00,374.85,378.95,365.6,366.06,1319900
2022-04-01 04:00:00+00:00,369.2,370.05,354.79,360.27,1183000
2022-04-04 04:00:00+00:00,361.75,368.33,360.4,367.05,904200
2022-04-05 04:00:00+00:00,364.19,365.48,343.19,345.52,1690000
2022-04-06 04:00:00+00:00,338.93,349.45,333.49,344.25,1780900
2022-04-07 04:00:00+00:00,343.33,356.39,342.95,353.08,1315000
2022-04-08 04:00:00+00:00,349.55,350.18,340.68,341.21,1551000
2022-04-11 04:00:00+00:00,336.91,339.17,331.19,331.47,1484000
2022-04-12 04:00:00+00:00,340.0,345.14,328.2,330.25,1164300
2022-04-13 04:00:00+00:00,331.6,339.64,329.56,336.52,1137800
2022-04-14 04:00:00+00:00,336.0,337.39,320.92,321.48,1486300
2022-04-18 04:00:00+00:00,320.0,330.01,319.4,327.87,984600
2022-04-19 04:00:00+00:00,329.45,338.95,324.56,337.82,1319700
2022-04-20 04:00:00+00:00,345.09,351.88,345.0,345.59,1295200
2022-04-21 04:00:00+00:00,348.9,354.97,334.44,335.99,1340600
2022-04-22 04:00:00+00:00,334.69,336.51,323.56,324.28,1420200
2022-04-25 04:00:00+00:00,322.23,331.68,319.36,331.21,1259900
2022-04-26 04:00:00+00:00,325.34,326.41,314.4,314.76,1281100
2022-04-27 04:00:00+00:00,312.7,324.0,312.01,314.78,1042600
2022-04-28 04:00:00+00:00,319.36,337.16,316.75,332.76,1827900
2022-04-29 04:00:00+00:00,331.73,342.27,318.42,319.26,2424900
2022-05-02 04:00:00+00:00,321.67,327.43,312.17,326.64,1564400
2022-05-03 04:00:00+00:00,326.33,335.04,323.51,334.0,1326100
2022-05-04 04:00:00+00:00,334.75,350.47,326.43,349.38,1459000
2022-05-05 04:00:00+00:00,342.88,346.0,329.32,333.4,1863100
2022-05-06 04:00:00+00:00,331.8,338.27,321.0,331.35,967800
2022-05-09 04:00:00+00:00,322.32,329.54,316.33,318.87,1822900
2022-05-10 04:00:00+00:00,328.31,330.58,316.19,323.22,1450900
2022-05-11 04:00:00+00:00,318.28,326.79,311.08,311.63,1320000
2022-05-12 04:00:00+00:00,309.0,320.0,306.43,315.6,1498100
2022-05-13 04:00:00+00:00,320.34,337.71,318.02,336.42,1982200
2022-05-16 04:00:00+00:00,331.97,337.74,328.91,330.54,937200
2022-05-17 04:00:00+00:00,340.15,353.13,337.55,351.51,1657400
2022-05-18 04:00:00+00:00,345.09,350.98,331.45,333.85,1668600
2022-05-19 04:00:00+00:00,332.74,346.43,331.78,338.52,1450800
2022-05-20 04:00:00+00:00,342.68,346.74,318.03,335.48,1997000
2022-05-23 04:00:00+00:00,336.8,345.47,335.69,341.18,1085900
2022-05-24 04:00:00+00:00,337.02,338.96,326.58,330.09,1308300
2022-05-25 04:00:00+00:00,328.58,339.86,327.56,337.98,1166300
2022-05-26 04:00:00+00:00,333.23,354.51,333.1,353.28,1434800
2022-05-27 04:00:00+00:00,358.04,372.34,358.04,371.27,1456000
2022-05-31 04:00:00+00:00,366.3,367.68,357.77,364.85,1592600
2022-06-01 04:00:00+00:00,366.53,369.04,350.78,356.99,1110100
2022-06-02 04:00:00+00:00,355.96,371.99,354.14,371.77,1161400
2022-06-03 04:00:00+00:00,362.91,366.39,359.37,362.44,799900
2022-06-06 04:00:00+00:00,370.16,371.58,360.09,362.47,582300
2022-06-07 04:00:00+00:00,358.59,368.71,355.3,367.22,675900
2022-06-08 04:00:00+00:00,366.1,367.16,357.29,361.48,891800
2022-06-09 04:00:00+00:00,357.24,363.83,349.5,349.58,908800
2022-06-10 04:00:00+00:00,343.71,345.81,333.29,333.66,1227000
2022-06-13 04:00:00+00:00,322.33,325.25,312.67,313.88,1904100
2022-06-14 04:00:00+00:00,318.75,320.63,311.64,316.47,1170300
2022-06-15 04:00:00+00:00,322.39,329.48,316.21,323.79,1214700
2022-06-16 04:00:00+00:00,319.1,321.61,306.53,310.4,2211400
2022-06-17 04:00:00+00:00,311.21,316.4,304.95,311.93,3072000
2022-06-21 04:00:00+00:00,319.49,332.59,317.73,327.22,1370300
2022-06-22 04:00:00+00:00,317.95,329.33,316.12,324.44,1077100
2022-06-23 04:00:00+00:00,326.42,327.6,316.17,320.66,1330300
2022-06-24 04:00:00+00:00,327.92,339.57,324.34,339.5,1924300
2022-06-27 04:00:00+00:00,342.82,344.94,335.02,338.59,1369800
2022-06-28 04:00:00+00:00,341.49,345.24,328.4,330.09,1283100
2022-06-29 04:00:00+00:00,323.58,325.2,316.21,320.57,1225900
2022-06-30 04:00:00+00:00,315.74,325.6,313.18,319.08,1302600
2022-07-01 04:00:00+00:00,309.64,313.69,292.12,296.26,2323600
2022-07-05 04:00:00+00:00,286.28,295.73,282.83,295.56,2222400
2022-07-06 04:00:00+00:00,295.4,297.26,290.82,293.0,2201200
2022-07-07 04:00:00+00:00,301.34,315.63,299.28,314.17,1887000
2022-07-08 04:00:00+00:00,309.28,318.82,308.44,316.84,1006800
2022-07-11 04:00:00+00:00,312.91,316.5,308.0,313.17,1383400
2022-07-12 04:00:00+00:00,315.15,319.5,311.49,313.78,1078400
2022-07-13 04:00:00+00:00,307.63,316.57,306.4,313.12,1056000
2022-07-14 04:00:00+00:00,311.04,321.28,302.11,319.09,1628900
2022-07-15 04:00:00+00:00,322.27,326.27,316.65,326.23,1238500
2022-07-18 04:00:00+00:00,331.5,340.85,326.51,329.49,1683100
2022-07-19 04:00:00+00:00,334.13,346.19,333.33,345.58,2044800
2022-07-20 04:00:00+00:00,343.66,357.6,342.07,356.45,1689200
2022-07-21 04:00:00+00:00,358.18,361.37,352.5,360.54,1244000
2022-07-22 04:00:00+00:00,360.47,360.47,351.77,354.02,1468100
2022-07-25 04:00:00+00:00,348.34,351.61,342.99,350.6,986500
2022-07-26 04:00:00+00:00,349.86,352.38,344.17,345.91,835900
2022-07-27 04:00:00+00:00,350.28,364.5,349.97,361.14,1318200
2022-07-28 04:00:00+00:00,361.14,371.32,353.98,369.98,1315200
2022-07-29 04:00:00+00:00,362.04,388.2,360.18,383.54,1827000
2022-08-01 04:00:00+00:00,381.19,390.7,378.47,385.64,1029300
2022-08-02 04:00:00+00:00,383.71,390.05,379.3,382.69,1206000
2022-08-03 04:00:00+00:00,383.11,397.8,383.11,395.93,1354600
2022-08-04 04:00:00+00:00,398.0,398.96,393.59,397.4,1156400
2022-08-05 04:00:00+00:00,389.09,397.47,386.0,395.74,1213800
2022-08-08 04:00:00+00:00,390.85,396.69,381.4,387.68,1600100
2022-08-09 04:00:00+00:00,374.53,374.56,355.68,358.32,3194600
2022-08-10 04:00:00+00:00,368.0,375.5,363.69,374.51,1755100
2022-08-11 04:00:00+00:00,375.48,385.62,371.09,372.75,1323800
2022-08-12 04:00:00+00:00,374.38,383.78,372.49,381.2,1137000
2022-08-15 04:00:00+00:00,378.0,385.65,374.09,384.32,1303600
2022-08-16 04:00:00+00:00,383.95,385.99,378.4,380.73,872600
2022-08-17 04:00:00+00:00,376.86,379.16,369.19,375.09,1198400
2022-08-18 04:00:00+00:00,376.5,384.05,373.64,382.02,1119200
2022-08-19 04:00:00+00:00,376.4,378.81,369.22,371.81,1257300
2022-08-22 04:00:00+00:00,363.7,366.37,358.07,359.8,1338700
2022-08-23 04:00:00+00:00,361.69,369.19,361.27,362.45,860200
2022-08-24 04:00:00+00:00,360.26,365.57,357.68,362.67,938400
2022-08-25 04:00:00+00:00,364.14,377.35,362.74,376.72,1285300
2022-08-26 04:00:00+00:00,375.22,377.0,359.0,359.18,1604400
2022-08-29 04:00:00+00:00,353.49,359.73,351.27,353.38,1319700
2022-08-30 04:00:00+00:00,357.3,357.4,343.45,347.14,1416600
2022-08-31 04:00:00+00:00,349.84,349.84,339.85,344.13,1564800
2022-09-01 04:00:00+00:00,334.86,337.88,328.99,337.11,1870400
2022-09-02 04:00:00+00:00,341.77,345.32,332.98,335.25,1300700
2022-09-06 04:00:00+00:00,333.81,337.06,326.71,330.58,1402800
2022-09-07 04:00:00+00:00,332.12,340.85,328.74,337.82,1604900
2022-09-08 04:00:00+00:00,335.83,351.43,332.8,351.09,2258200
2022-09-09 04:00:00+00:00,356.86,362.73,356.86,358.67,1655300
2022-09-12 04:00:00+00:00,356.94,359.42,352.75,357.47,1141300
2022-09-13 04:00:00+00:00,342.98,348.32,339.53,340.68,2326500
2022-09-14 04:00:00+00:00,343.54,349.76,337.82,346.61,1803000
2022-09-15 04:00:00+00:00,344.64,344.64,334.38,337.36,1577500
2022-09-16 04:00:00+00:00,334.92,338.16,328.25,335.53,4219300
2022-09-19 04:00:00+00:00,333.24,338.14,330.14,334.35,1417400
2022-09-20 04:00:00+00:00,331.68,332.49,327.98,329.9,1162500
2022-09-21 04:00:00+00:00,332.42,337.54,322.85,322.86,1800700
2022-09-22 04:00:00+00:00,320.34,321.12,312.27,313.07,2290400
2022-09-23 04:00:00+00:00,310.29,311.0,302.18,307.6,1839900
2022-09-26 04:00:00+00:00,308.91,312.98,302.92,303.57,1476300
2022-09-27 04:00:00+00:00,310.91,311.58,302.5,308.38,1364500
2022-09-28 04:00:00+00:00,305.92,316.76,303.48,315.69,1693300
2022-09-29 04:00:00+00:00,310.93,312.23,306.13,310.71,1784800
2022-09-30 04:00:00+00:00,302.93,311.98,302.34,302.63,1641400
2022-10-03 04:00:00+00:00,306.19,320.95,304.77,316.53,1869300
2022-10-04 04:00:00+00:00,329.71,330.84,323.33,327.29,1549300
2022-10-05 04:00:00+00:00,320.08,333.12,316.36,329.05,1348800
2022-10-06 04:00:00+00:00,328.2,334.89,326.63,327.49,1317700
2022-10-07 04:00:00+00:00,318.3,321.75,310.95,314.16,2194400
2022-10-10 04:00:00+00:00,313.8,313.8,296.2,299.34,2097000
2022-10-11 04:00:00+00:00,290.58,298.97,276.62,280.92,3561200
2022-10-12 04:00:00+00:00,281.19,281.94,273.81,274.81,2427400
2022-10-13 04:00:00+00:00,259.31,284.17,250.2,278.54,4588800
2022-10-14 04:00:00+00:00,280.71,280.91,263.18,263.7,2346000
2022-10-17 04:00:00+00:00,270.67,272.54,261.9,263.22,2557300
2022-10-18 04:00:00+00:00,272.05,274.56,262.59,268.76,1763600
2022-10-19 04:00:00+00:00,268.12,274.12,263.83,271.96,1991200
2022-10-20 04:00:00+00:00,274.42,282.57,271.53,277.01,1942400
2022-10-21 04:00:00+00:00,277.42,291.53,275.12,290.63,2067700
2022-10-24 04:00:00+00:00,291.39,297.02,289.31,295.39,1369000
2022-10-25 04:00:00+00:00,297.68,307.74,297.3,304.87,1775000
2022-10-26 04:00:00+00:00,301.0,311.15,299.04,306.4,1958600
2022-10-27 04:00:00+00:00,315.78,315.78,304.27,308.91,2298700
2022-10-28 04:00:00+00:00,310.73,323.14,309.97,321.5,2880200
2022-10-31 04:00:00+00:00,317.86,319.58,314.0,316.45,1364300
2022-11-01 04:00:00+00:00,323.48,324.68,319.06,321.18,1666900
2022-11-02 04:00:00+00:00,322.01,327.63,309.86,312.42,1846600
2022-11-03 04:00:00+00:00,307.32,319.96,307.3,314.44,1711700
2022-11-04 04:00:00+00:00,325.33,328.37,318.76,328.03,1875800
2022-11-07 05:00:00+00:00,330.76,337.89,328.43,337.17,1955500
2022-11-08 05:00:00+00:00,343.51,345.67,335.7,342.13,1485500
2022-11-09 05:00:00+00:00,336.19,343.63,334.63,337.52,1471000
2022-11-10 05:00:00+00:00,357.56,369.17,349.63,368.25,2734100
2022-11-11 05:00:00+00:00,370.53,382.94,366.15,380.21,1665300
2022-11-14 05:00:00+00:00,375.84,385.73,375.84,377.91,1263300
2022-11-15 05:00:00+00:00,390.11,392.5,379.86,385.55,1742700
2022-11-16 05:00:00+00:00,371.79,377.61,367.57,370.42,2455700
2022-11-17 05:00:00+00:00,361.77,376.46,360.01,375.99,987500
2022-11-18 05:00:00+00:00,382.56,382.84,371.79,376.34,1121600
2022-11-21 05:00:00+00:00,371.62,376.35,370.78,372.11,1082600
2022-11-22 05:00:00+00:00,376.06,383.13,369.0,382.18,1380300
2022-11-23 05:00:00+00:00,380.5,388.87,380.1,385.63,1401000
2022-11-25 05:00:00+00:00,382.0,384.52,380.0,380.02,624400
2022-11-28 05:00:00+00:00,375.21,380.54,372.95,374.93,1413600
2022-11-29 05:00:00+00:00,374.84,377.01,370.87,374.33,813200
2022-11-30 05:00:00+00:00,375.87,394.82,372.36,393.15,2795100
2022-12-01 05:00:00+00:00,395.0,395.92,383.27,390.73,1838000
2022-12-02 05:00:00+00:00,380.66,391.36,379.32,389.56,921300
2022-12-05 05:00:00+00:00,386.46,392.23,384.58,388.57,1236400
2022-12-06 05:00:00+00:00,390.66,391.33,380.18,383.24,1171300
2022-12-07 05:00:00+00:00,379.16,389.02,378.44,388.09,828000
2022-12-08 05:00:00+00:00,391.07,397.52,388.2,395.92,1130000
2022-12-09 05:00:00+00:00,391.91,400.54,387.6,393.41,1380300
2022-12-12 05:00:00+00:00,385.4,401.01,383.71,400.91,1555800
2022-12-13 05:00:00+00:00,415.66,419.57,403.56,409.03,2221900
2022-12-14 05:00:00+00:00,408.37,414.04,401.73,406.21,1557000
2022-12-15 05:00:00+00:00,398.05,399.64,383.25,384.75,2091600
2022-12-16 05:00:00+00:00,382.04,387.76,380.25,385.54,2360900
2022-12-19 05:00:00+00:00,384.97,385.82,379.42,383.66,1122800
2022-12-20 05:00:00+00:00,380.79,389.74,378.46,385.91,903400
2022-12-21 05:00:00+00:00,388.81,398.13,387.58,396.78,1125000
2022-12-22 05:00:00+00:00,386.09,386.78,367.06,373.85,2075700
2022-12-23 05:00:00+00:00,372.24,378.0,367.72,377.39,892000
2022-12-27 05:00:00+00:00,376.26,376.26,368.86,371.1,988700
2022-12-28 05:00:00+00:00,369.31,375.48,366.32,367.76,610400
2022-12-29 05:00:00+00:00,373.14,381.36,372.74,379.86,787200
2022-12-30 05:00:00+00:00,374.55,377.51,370.31,377.03,669300
2023-01-03 05:00:00+00:00,384.0,384.74,372.58,376.55,764100
2023-01-04 05:00:00+00:00,382.85,385.17,374.09,380.23,1187600
2023-01-05 05:00:00+00:00,374.68,380.79,373.12,373.47,924900
2023-01-06 05:00:00+00:00,379.99,397.75,377.7,397.59,1423400
2023-01-09 05:00:00+00:00,402.63,416.91,400.12,408.33,1955400
2023-01-10 05:00:00+00:00,406.99,416.7,406.34,416.27,979000
2023-01-11 05:00:00+00:00,413.27,419.52,411.28,419.15,1230800
2023-01-12 05:00:00+00:00,419.15,422.7,407.48,419.07,1505300
2023-01-13 05:00:00+00:00,415.79,421.15,412.45,420.04,1615200
2023-01-17 05:00:00+00:00,417.73,420.53,413.69,415.95,1046200
2023-01-18 05:00:00+00:00,422.21,428.28,414.77,415.06,1183900
2023-01-19 05:00:00+00:00,410.92,414.81,401.84,402.1,1409800
2023-01-20 05:00:00+00:00,404.87,414.8,402.66,413.85,923300
2023-01-23 05:00:00+00:00,407.6,428.56,407.6,425.58,1459400
2023-01-24 05:00:00+00:00,418.84,426.28,417.45,423.14,852700
2023-01-25 05:00:00+00:00,412.75,423.05,408.42,422.62,1276300
2023-01-26 05:00:00+00:00,424.01,429.46,415.0,428.76,1646300
2023-01-27 05:00:00+00:00,405.0,410.51,395.29,399.37,2385500
2023-01-30 05:00:00+00:00,395.28,396.69,387.12,387.68,1446000
2023-01-31 05:00:00+00:00,387.99,393.06,387.87,392.48,1113300
2023-02-01 05:00:00+00:00,392.55,414.01,390.78,409.77,1727800
2023-02-02 05:00:00+00:00,414.0,416.94,408.61,414.26,1343100
2023-02-03 05:00:00+00:00,409.09,421.79,406.24,408.27,1080500
2023-02-06 05:00:00+00:00,404.37,413.17,402.07,405.59,855500
2023-02-07 05:00:00+00:00,406.93,418.52,403.13,416.83,1435300
2023-02-08 05:00:00+00:00,412.98,415.72,403.65,404.54,937700
2023-02-09 05:00:00+00:00,411.38,414.24,399.83,403.74,1231800
2023-02-10 05:00:00+00:00,398.96,400.67,390.89,395.68,910500
2023-02-13 05:00:00+00:00,396.22,404.28,393.44,402.7,1250800
2023-02-14 05:00:00+00:00,397.61,408.0,396.29,402.33,1353000
2023-02-15 05:00:00+00:00,398.78,404.87,393.21,404.46,940400
2023-02-16 05:00:00+00:00,397.29,400.3,390.75,392.83,1334600
2023-02-17 05:00:00+00:00,392.83,395.1,384.01,387.92,991200
2023-02-21 05:00:00+00:00,383.86,387.71,378.1,378.34,1161000
2023-02-22 05:00:00+00:00,380.47,381.43,373.85,377.75,884500
2023-02-23 05:00:00+00:00,385.68,390.54,379.14,388.37,1121100
2023-02-24 05:00:00+00:00,382.21,384.3,377.77,379.85,726400
2023-02-27 05:00:00+00:00,386.7,386.7,378.58,379.09,756200
2023-02-28 05:00:00+00:00,378.21,384.41,375.85,379.38,1189900
2023-03-01 05:00:00+00:00,373.82,383.4,373.1,378.34,731600
2023-03-02 05:00:00+00:00,372.89,381.27,367.28,378.31,864600
2023-03-03 05:00:00+00:00,379.43,383.3,374.04,381.53,782800
2023-03-06 05:00:00+00:00,384.74,386.01,377.64,379.67,773200
2023-03-07 05:00:00+00:00,379.74,380.7,372.36,375.4,693400
2023-03-08 05:00:00+00:00,378.67,389.18,376.33,387.41,962300
2023-03-09 05:00:00+00:00,386.97,394.91,377.58,378.47,959800
2023-03-10 05:00:00+00:00,384.09,384.98,363.63,367.51,1142600
2023-03-13 04:00:00+00:00,362.91,370.51,359.84,364.82,1246400
2023-03-14 04:00:00+00:00,372.61,380.17,369.68,379.02,1362800
2023-03-15 04:00:00+00:00,373.25,373.69,361.45,370.31,1013400
2023-03-16 04:00:00+00:00,367.72,390.48,365.0,389.9,1355700
2023-03-17 04:00:00+00:00,389.9,391.72,382.77,387.75,3033500
2023-03-20 04:00:00+00:00,389.55,391.45,384.23,389.94,876000
2023-03-21 04:00:00+00:00,392.75,396.6,380.36,385.06,764200
2023-03-22 04:00:00+00:00,382.43,397.4,381.3,381.86,886400
2023-03-23 04:00:00+00:00,388.06,396.99,381.87,388.81,1219500
2023-03-24 04:00:00+00:00,384.9,385.63,370.5,375.07,1375700
2023-03-27 04:00:00+00:00,377.5,379.82,372.32,374.02,768800
2023-03-28 04:00:00+00:00,373.6,373.82,365.43,371.01,926500
2023-03-29 04:00:00+00:00,378.5,388.48,376.09,385.15,1284000
2023-03-30 04:00:00+00:00,390.34,399.85,389.55,396.03,983700
2023-03-31 04:00:00+00:00,393.73,399.88,392.89,399.17,1055500
2023-04-03 04:00:00+00:00,397.22,400.39,392.61,398.99,787800
2023-04-04 04:00:00+00:00,401.06,401.45,390.26,392.85,851600
2023-04-05 04:00:00+00:00,388.3,388.91,376.8,381.61,985600
2023-04-06 04:00:00+00:00,374.32,378.94,367.74,374.66,746800
2023-04-10 04:00:00+00:00,369.87,383.49,368.47,382.67,1008900
2023-04-11 04:00:00+00:00,384.24,385.44,377.03,377.91,991600
2023-04-12 04:00:00+00:00,380.75,381.97,369.36,370.14,811700
2023-04-13 04:00:00+00:00,370.0,376.75,367.03,374.39,816900
2023-04-14 04:00:00+00:00,373.4,380.16,371.02,375.04,786700
2023-04-17 04:00:00+00:00,364.34,372.16,361.91,372.11,1027000
2023-04-18 04:00:00+00:00,375.21,376.77,367.69,371.21,881100
2023-04-19 04:00:00+00:00,366.97,367.28,360.47,361.26,1218600
2023-04-20 04:00:00+00:00,362.03,379.74,361.78,375.71,1665200
2023-04-21 04:00:00+00:00,374.76,374.8,369.27,371.97,918200
2023-04-24 04:00:00+00:00,372.86,375.11,370.74,372.32,602700
2023-04-25 04:00:00+00:00,370.19,370.87,357.23,357.75,1292800
2023-04-26 04:00:00+00:00,358.0,360.46,355.88,357.36,1274600
2023-04-27 04:00:00+00:00,383.75,385.81,369.0,384.64,2129700
2023-04-28 04:00:00+00:00,385.92,389.51,380.14,386.54,1326700
2023-05-01 04:00:00+00:00,385.8,389.72,382.81,384.43,691300
2023-05-02 04:00:00+00:00,385.65,386.1,376.58,378.45,839900
2023-05-03 04:00:00+00:00,378.7,386.3,377.21,378.17,719500
2023-05-04 04:00:00+00:00,378.17,378.71,369.66,373.23,724500
2023-05-05 04:00:00+00:00,381.6,388.18,379.58,385.66,892900
2023-05-08 04:00:00+00:00,386.29,387.21,381.15,383.52,687700
2023-05-09 04:00:00+00:00,379.34,381.21,374.49,375.75,798900
2023-05-10 04:00:00+00:00,381.0,388.36,380.5,386.38,881300
2023-05-11 04:00:00+00:00,385.87,389.66,381.82,386.54,744300
2023-05-12 04:00:00+00:00,388.01,390.71,382.88,386.97,686700
2023-05-15 04:00:00+00:00,388.96,404.72,385.8,404.1,1204900
2023-05-16 04:00:00+00:00,403.56,413.26,403.56,408.81,1278200
2023-05-17 04:00:00+00:00,411.34,420.54,408.78,416.83,1170600
2023-05-18 04:00:00+00:00,416.51,429.4,416.51,428.57,1187900
2023-05-19 04:00:00+00:00,429.0,429.45,422.1,423.64,1064600
2023-05-22 04:00:00+00:00,419.81,426.15,418.86,420.81,685800
2023-05-23 04:00:00+00:00,417.57,420.8,414.32,414.69,753100
2023-05-24 04:00:00+00:00,406.85,410.47,404.8,408.9,888400
2023-05-25 04:00:00+00:00,418.2,436.3,418.12,434.25,1626300
2023-05-26 04:00:00+00:00,435.0,465.0,434.47,461.19,2163600
2023-05-30 04:00:00+00:00,467.81,473.97,453.66,458.73,1233100
2023-05-31 04:00:00+00:00,448.85,455.52,442.22,442.99,1743900
2023-06-01 04:00:00+00:00,445.4,455.73,437.2,452.53,1266600
2023-06-02 04:00:00+00:00,454.51,458.67,445.16,458.06,1206600
2023-06-05 04:00:00+00:00,456.38,461.41,451.42,458.05,1009500
2023-06-06 04:00:00+00:00,451.03,464.67,447.0,461.0,1131400
2023-06-07 04:00:00+00:00,463.99,472.92,460.62,463.76,1086400
2023-06-08 04:00:00+00:00,464.67,475.36,464.02,473.86,950900
2023-06-09 04:00:00+00:00,475.74,477.91,464.91,465.65,1065500
2023-06-12 04:00:00+00:00,468.98,476.29,466.09,475.43,1193900
2023-06-13 04:00:00+00:00,480.0,482.2,472.45,479.89,752800
2023-06-14 04:00:00+00:00,471.8,481.15,471.15,480.54,913700
2023-06-15 04:00:00+00:00,475.28,477.08,470.57,472.58,1038000
2023-06-16 04:00:00+00:00,473.28,475.01,463.1,464.89,2012100
2023-06-20 04:00:00+00:00,466.31,470.2,460.35,464.45,822000
2023-06-21 04:00:00+00:00,460.93,464.49,455.43,456.43,876500
2023-06-22 04:00:00+00:00,453.05,467.89,452.96,467.38,749700
2023-06-23 04:00:00+00:00,457.5,459.95,454.59,456.95,829400
2023-06-26 04:00:00+00:00,458.1,468.35,458.1,458.55,615300
2023-06-27 04:00:00+00:00,460.22,478.63,460.22,476.93,863800
2023-06-28 04:00:00+00:00,470.41,477.56,469.52,474.43,730600
2023-06-29 04:00:00+00:00,479.18,479.4,472.58,477.23,588800
2023-06-30 04:00:00+00:00,482.74,488.25,481.2,485.02,909300
2023-07-03 04:00:00+00:00,485.04,488.41,477.34,484.82,424900
2023-07-05 04:00:00+00:00,475.3,479.6,467.01,467.91,1118900
2023-07-06 04:00:00+00:00,463.0,465.05,453.6,461.54,1245000
2023-07-07 04:00:00+00:00,455.91,465.96,454.1,455.83,926600
2023-07-10 04:00:00+00:00,456.38,469.74,456.38,467.66,935700
2023-07-11 04:00:00+00:00,467.81,467.81,451.54,459.48,687100
2023-07-12 04:00:00+00:00,466.42,467.45,459.82,466.07,874500
2023-07-13 04:00:00+00:00,471.23,477.58,468.98,475.82,803100
2023-07-14 04:00:00+00:00,478.16,481.81,471.76,474.79,828400
2023-07-17 04:00:00+00:00,476.41,493.53,476.18,490.38,816200
2023-07-18 04:00:00+00:00,484.48,486.23,477.6,484.06,859000
2023-07-19 04:00:00+00:00,483.0,484.73,468.76,470.59,1137300
2023-07-20 04:00:00+00:00,458.69,459.82,448.99,450.1,1813900
2023-07-21 04:00:00+00:00,456.92,462.11,453.51,458.56,2613000
2023-07-24 04:00:00+00:00,457.49,462.61,456.13,460.98,740200
2023-07-25 04:00:00+00:00,463.19,470.32,463.05,466.11,788200
2023-07-26 04:00:00+00:00,459.4,463.1,453.0,457.85,847100
2023-07-27 04:00:00+00:00,475.0,495.29,475.0,482.35,1951200
2023-07-28 04:00:00+00:00,500.0,513.5,488.14,511.01,2019300
2023-07-31 04:00:00+00:00,512.01,516.77,506.22,513.95,1093000
2023-08-01 04:00:00+00:00,513.97,517.3,510.36,514.28,859700
2023-08-02 04:00:00+00:00,504.6,506.66,494.75,499.57,1363500
2023-08-03 04:00:00+00:00,497.27,504.09,491.1,502.33,870000
2023-08-04 04:00:00+00:00,501.02,503.53,492.5,496.47,727200
2023-08-07 04:00:00+00:00,500.0,507.45,498.99,506.44,756800
2023-08-08 04:00:00+00:00,500.33,501.02,491.59,498.64,1113000
2023-08-09 04:00:00+00:00,500.7,501.87,494.13,494.46,825600
2023-08-10 04:00:00+00:00,500.03,508.33,493.09,496.29,942000
2023-08-11 04:00:00+00:00,490.01,490.12,478.06,478.98,868700
2023-08-14 04:00:00+00:00,474.55,491.96,473.94,490.89,1207700
2023-08-15 04:00:00+00:00,486.75,487.99,481.97,483.53,654900
2023-08-16 04:00:00+00:00,484.38,488.02,473.52,474.0,803100
2023-08-17 04:00:00+00:00,476.03,480.2,472.26,472.95,843300
2023-08-18 04:00:00+00:00,469.41,481.15,468.13,477.96,766300
2023-08-21 04:00:00+00:00,478.73,492.47,478.73,490.71,843200
2023-08-22 04:00:00+00:00,495.3,496.2,483.9,486.72,592300
2023-08-23 04:00:00+00:00,489.02,497.4,485.59,494.32,820300
2023-08-24 04:00:00+00:00,500.75,503.3,475.36,476.4,1245700
2023-08-25 04:00:00+00:00,476.5,483.83,470.1,481.73,1104600
2023-08-28 04:00:00+00:00,484.37,489.32,481.65,486.49,598200
2023-08-29 04:00:00+00:00,483.33,501.0,482.17,497.88,831800
2023-08-30 04:00:00+00:00,498.38,500.96,491.01,498.3,658100
2023-08-31 04:00:00+00:00,495.15,505.61,493.9,501.87,914900
2023-09-01 04:00:00+00:00,503.58,508.73,498.43,507.02,657200
2023-09-05 04:00:00+00:00,507.01,516.98,503.44,512.55,780900
2023-09-06 04:00:00+00:00,509.35,520.19,506.71,513.47,714600
2023-09-07 04:00:00+00:00,503.28,503.28,488.17,497.18,1269900
2023-09-08 04:00:00+00:00,495.01,498.55,494.01,497.73,868900
2023-09-11 04:00:00+00:00,504.39,506.47,485.54,494.16,901100
2023-09-12 04:00:00+00:00,488.07,495.6,484.83,485.8,805500
2023-09-13 04:00:00+00:00,483.98,491.26,482.38,483.6,837400
2023-09-14 04:00:00+00:00,488.59,490.0,479.24,479.9,899200
2023-09-15 04:00:00+00:00,472.24,472.67,451.33,454.22,2831400
2023-09-18 04:00:00+00:00,455.43,460.96,452.0,456.51,1178400
2023-09-19 04:00:00+00:00,456.58,458.72,451.65,457.31,663500
2023-09-20 04:00:00+00:00,460.0,462.0,451.91,452.18,709800
2023-09-21 04:00:00+00:00,446.0,450.44,444.55,446.92,1055100
2023-09-22 04:00:00+00:00,451.51,458.76,450.73,451.82,800800
2023-09-25 04:00:00+00:00,448.99,456.32,447.01,455.39,630500
2023-09-26 04:00:00+00:00,450.45,451.64,442.69,445.16,1008200
2023-09-27 04:00:00+00:00,450.1,451.62,440.15,445.56,1059600
2023-09-28 04:00:00+00:00,444.69,463.01,443.71,458.09,851800
2023-09-29 04:00:00+00:00,466.65,469.23,457.8,458.66,815400
2023-10-02 04:00:00+00:00,459.1,466.09,454.93,460.63,716500
2023-10-03 04:00:00+00:00,455.66,463.52,448.31,451.84,758800
2023-10-04 04:00:00+00:00,455.26,462.03,452.33,461.05,748400
2023-10-05 04:00:00+00:00,461.31,464.57,456.17,461.08,881900
2023-10-06 04:00:00+00:00,455.95,471.14,449.35,468.05,995900
2023-10-09 04:00:00+00:00,462.54,467.65,459.0,466.77,634600
2023-10-10 04:00:00+00:00,469.08,477.6,467.12,474.14,839300
2023-10-11 04:00:00+00:00,476.75,483.19,475.87,482.63,913000
2023-10-12 04:00:00+00:00,485.0,506.92,485.0,501.11,1428800
2023-10-13 04:00:00+00:00,501.11,504.65,484.53,486.81,1157100
2023-10-16 04:00:00+00:00,486.81,494.97,485.2,491.21,806000
2023-10-17 04:00:00+00:00,483.94,487.57,473.12,486.35,777400
2023-10-18 04:00:00+00:00,478.47,483.0,470.58,479.4,800400
2023-10-19 04:00:00+00:00,485.94,485.94,462.08,465.05,1245400
2023-10-20 04:00:00+00:00,465.05,470.84,461.48,462.44,914600
2023-10-23 04:00:00+00:00,459.0,469.08,455.08,462.56,620100
2023-10-24 04:00:00+00:00,467.99,472.34,463.59,470.26,855500
2023-10-25 04:00:00+00:00,464.01,467.21,452.45,454.84,1515100
2023-10-26 04:00:00+00:00,458.64,478.44,452.01,458.24,1589100
2023-10-27 04:00:00+00:00,458.65,464.23,455.0,457.93,746200
2023-10-30 04:00:00+00:00,458.27,463.23,452.03,459.54,688000
2023-10-31 04:00:00+00:00,459.7,474.43,453.5,469.7,1315300
2023-11-01 04:00:00+00:00,472.29,477.22,465.77,476.53,1238900
2023-11-02 04:00:00+00:00,488.63,493.41,484.33,489.34,1254800
2023-11-03 04:00:00+00:00,494.19,503.48,493.6,499.62,760800
2023-11-06 05:00:00+00:00,500.8,503.67,495.1,498.86,705900
2023-11-07 05:00:00+00:00,499.31,507.39,498.57,503.12,611400
2023-11-08 05:00:00+00:00,505.42,511.68,504.66,511.16,881200
2023-11-09 05:00:00+00:00,511.34,521.0,505.5,506.39,1019800
2023-11-10 05:00:00+00:00,516.05,536.14,512.02,534.25,1295000
2023-11-13 05:00:00+00:00,530.0,531.99,524.03,528.25,1045200
2023-11-14 05:00:00+00:00,540.79,546.25,534.27,545.44,1130400
2023-11-15 05:00:00+00:00,548.89,550.67,541.58,545.4,881300
2023-11-16 05:00:00+00:00,544.8,550.29,543.8,545.39,1193800
2023-11-17 05:00:00+00:00,531.77,546.21,529.76,544.54,1315600
2023-11-20 05:00:00+00:00,542.2,559.42,542.2,557.75,817400
2023-11-21 05:00:00+00:00,555.37,555.94,547.54,550.69,910300
2023-11-22 05:00:00+00:00,556.32,562.84,549.98,554.17,594400
2023-11-24 05:00:00+00:00,552.47,557.22,551.47,555.64,306500
2023-11-27 05:00:00+00:00,555.33,562.0,553.3,556.95,588400
2023-11-28 05:00:00+00:00,549.16,554.6,543.85,547.14,965500
2023-11-29 05:00:00+00:00,556.37,557.5,542.61,544.07,1277500
2023-11-30 05:00:00+00:00,544.12,547.66,536.77,544.62,2208500
2023-12-01 05:00:00+00:00,543.24,550.23,540.56,549.0,619900
2023-12-04 05:00:00+00:00,543.2,545.5,528.05,539.59,889300
2023-12-05 05:00:00+00:00,532.29,537.37,527.11,537.23,578900
2023-12-06 05:00:00+00:00,544.54,545.59,527.44,528.61,766700
2023-12-07 05:00:00+00:00,535.09,543.31,530.07,541.23,679500
2023-12-08 05:00:00+00:00,535.53,539.18,532.0,534.43,1038100
2023-12-11 05:00:00+00:00,545.56,563.61,542.7,559.21,1134700
2023-12-12 05:00:00+00:00,558.2,564.46,558.16,561.05,871800
2023-12-13 05:00:00+00:00,562.1,573.56,558.85,570.7,783800
2023-12-14 05:00:00+00:00,575.05,586.35,575.05,582.42,1499100
2023-12-15 05:00:00+00:00,585.0,590.15,581.91,585.13,1387700
2023-12-18 05:00:00+00:00,591.51,593.0,575.56,576.73,928400
2023-12-19 05:00:00+00:00,579.86,583.01,577.0,578.11,877800
2023-12-20 05:00:00+00:00,572.05,578.5,562.69,563.3,1036200
2023-12-21 05:00:00+00:00,575.5,582.15,572.52,580.45,640400
2023-12-22 05:00:00+00:00,579.7,585.0,578.46,582.65,409600
2023-12-26 05:00:00+00:00,586.9,593.91,586.17,591.37,654700
2023-12-27 05:00:00+00:00,594.17,594.89,588.44,591.47,586900
2023-12-28 05:00:00+00:00,597.1,597.43,585.98,586.27,514100
2023-12-29 05:00:00+00:00,584.78,586.7,577.02,581.3,512900
2024-01-02 05:00:00+00:00,573.21,573.21,553.65,560.39,967500
2024-01-03 05:00:00+00:00,552.0,558.25,550.0,552.59,819100
2024-01-04 05:00:00+00:00,546.39,554.9,544.81,546.44,859900
2024-01-05 05:00:00+00:00,548.11,551.35,542.41,544.31,767000
2024-01-08 05:00:00+00:00,549.06,565.89,548.85,562.36,1268100
2024-01-09 05:00:00+00:00,555.0,561.67,551.1,556.34,810300
2024-01-10 05:00:00+00:00,558.95,558.95,549.87,556.09,793500
2024-01-11 05:00:00+00:00,557.0,565.41,549.63,562.14,650600
2024-01-12 05:00:00+00:00,563.98,564.42,557.19,560.61,617400
2024-01-16 05:00:00+00:00,559.12,569.59,557.75,566.81,962200
2024-01-17 05:00:00+00:00,564.0,564.0,552.85,562.5,741100
2024-01-18 05:00:00+00:00,579.3,591.99,577.0,590.0,1445300
2024-01-19 05:00:00+00:00,595.42,616.98,593.03,612.99,1335000
2024-01-22 05:00:00+00:00,618.53,628.29,617.6,623.1,967600
2024-01-23 05:00:00+00:00,618.79,622.97,610.37,619.33,895700
2024-01-24 05:00:00+00:00,635.76,646.13,627.3,638.45,1083500
2024-01-25 05:00:00+00:00,651.5,658.78,639.15,641.69,1716800
2024-01-26 05:00:00+00:00,624.0,625.92,596.21,599.37,2195400
2024-01-29 05:00:00+00:00,596.49,602.2,594.56,600.08,1060600
2024-01-30 05:00:00+00:00,595.02,602.01,594.51,595.35,1036500
2024-01-31 05:00:00+00:00,587.74,601.99,581.7,594.04,1081200
2024-02-01 05:00:00+00:00,598.78,602.04,594.64,599.1,890100
2024-02-02 05:00:00+00:00,595.25,607.63,593.01,604.32,854300
2024-02-05 05:00:00+00:00,607.33,615.09,600.54,614.88,903000
2024-02-06 05:00:00+00:00,616.37,616.37,595.86,601.62,1027700
2024-02-07 05:00:00+00:00,609.4,612.5,598.68,608.9,857700
2024-02-08 05:00:00+00:00,608.9,624.8,608.17,618.49,733200
2024-02-09 05:00:00+00:00,629.15,651.26,628.55,649.8,1246400
2024-02-12 05:00:00+00:00,646.1,657.56,645.22,648.05,1233200
2024-02-13 05:00:00+00:00,628.17,649.47,625.5,641.07,1499400
2024-02-14 05:00:00+00:00,650.0,661.87,647.78,653.84,1175000
2024-02-15 05:00:00+00:00,655.0,661.82,650.5,652.38,1025400
2024-02-16 05:00:00+00:00,666.99,677.47,657.56,661.35,1060400
2024-02-20 05:00:00+00:00,654.51,660.99,644.7,651.77,1262800
2024-02-21 05:00:00+00:00,645.17,652.07,639.17,651.92,745400
2024-02-22 05:00:00+00:00,675.66,687.69,672.85,683.77,1077800
2024-02-23 05:00:00+00:00,683.0,687.57,668.03,668.82,597900
2024-02-26 05:00:00+00:00,675.62,686.77,673.99,683.82,649800
2024-02-27 05:00:00+00:00,679.99,684.7,676.67,677.58,717400
2024-02-28 05:00:00+00:00,667.7,675.63,667.7,673.0,622600
2024-02-29 05:00:00+00:00,682.44,684.1,674.84,682.3,998900
2024-03-01 05:00:00+00:00,688.28,719.22,688.25,717.57,1124900
2024-03-04 05:00:00+00:00,724.75,728.0,716.43,717.81,751400
2024-03-05 05:00:00+00:00,712.33,716.22,697.81,705.87,1107300
2024-03-06 05:00:00+00:00,711.77,721.47,706.04,715.46,1063700
2024-03-07 05:00:00+00:00,719.28,729.15,719.28,723.26,1059100
2024-03-08 05:00:00+00:00,722.81,724.47,699.21,699.21,1121900
2024-03-11 04:00:00+00:00,690.05,691.43,675.11,685.38,1037600
2024-03-12 04:00:00+00:00,691.72,698.85,683.35,698.4,875600
2024-03-13 04:00:00+00:00,690.6,695.66,682.17,688.71,1155300
2024-03-14 04:00:00+00:00,698.46,701.0,687.77,692.33,934100
2024-03-15 04:00:00+00:00,686.83,691.89,679.71,683.9,1669400
2024-03-18 04:00:00+00:00,696.33,705.17,689.27,690.7,797900
2024-03-19 04:00:00+00:00,677.8,686.0,668.7,681.06,888500
2024-03-20 04:00:00+00:00,680.16,698.21,673.57,695.95,904400
2024-03-21 04:00:00+00:00,716.89,727.64,711.53,713.13,758200
2024-03-22 04:00:00+00:00,706.43,718.29,705.21,710.56,412700
2024-03-25 04:00:00+00:00,697.85,708.1,695.86,699.73,493200
2024-03-26 04:00:00+00:00,705.04,707.4,687.57,688.42,865100
2024-03-27 04:00:00+00:00,692.4,697.7,681.91,696.87,976300
2024-03-28 04:00:00+00:00,696.87,699.82,690.01,698.57,1080900
2024-04-01 04:00:00+00:00,700.0,718.18,699.75,710.88,772200
2024-04-02 04:00:00+00:00,694.23,697.26,686.1,693.93,950800
2024-04-03 04:00:00+00:00,690.18,707.13,686.99,697.53,782400
2024-04-04 04:00:00+00:00,706.28,707.85,668.43,672.75,1102900
2024-04-05 04:00:00+00:00,674.07,688.83,674.07,682.84,790900
2024-04-08 04:00:00+00:00,688.35,692.42,678.49,690.82,518300
2024-04-09 04:00:00+00:00,700.0,700.0,682.71,696.83,708800
2024-04-10 04:00:00+00:00,685.9,695.0,684.21,687.12,610000
2024-04-11 04:00:00+00:00,694.83,701.63,687.85,700.61,831500
2024-04-12 04:00:00+00:00,684.44,689.27,677.42,680.78,810800
2024-04-15 04:00:00+00:00,689.88,698.7,672.53,678.49,886100
2024-04-16 04:00:00+00:00,678.49,696.92,678.49,693.31,922400
2024-04-17 04:00:00+00:00,681.77,684.85,657.83,658.98,1193100
2024-04-18 04:00:00+00:00,655.79,658.41,642.0,644.22,903100
2024-04-19 04:00:00+00:00,646.2,647.71,623.17,628.16,1072900
2024-04-22 04:00:00+00:00,635.35,638.73,625.33,633.64,924300
2024-04-23 04:00:00+00:00,636.04,654.0,635.83,648.21,710100
2024-04-24 04:00:00+00:00,659.78,668.18,647.6,656.54,873400
2024-04-25 04:00:00+00:00,656.98,677.72,650.01,672.95,1065800
2024-04-26 04:00:00+00:00,683.0,710.26,678.81,706.26,1193500
2024-04-29 04:00:00+00:00,706.41,715.98,700.39,713.93,931600
2024-04-30 04:00:00+00:00,711.64,717.73,688.29,689.29,902200
2024-05-01 04:00:00+00:00,680.47,691.73,662.5,666.04,1273100
2024-05-02 04:00:00+00:00,675.64,683.0,664.19,682.05,675200
2024-05-03 04:00:00+00:00,695.0,704.06,691.1,696.59,819900
2024-05-06 04:00:00+00:00,699.16,718.7,698.1,718.38,873600
2024-05-07 04:00:00+00:00,716.63,723.38,711.57,714.38,782700
2024-05-08 04:00:00+00:00,709.92,717.6,706.03,717.15,672900
2024-05-09 04:00:00+00:00,718.77,720.0,709.03,710.67,976000
2024-05-10 04:00:00+00:00,720.0,728.0,713.06,718.27,448800
2024-05-13 04:00:00+00:00,720.0,720.0,711.56,714.15,554100
2024-05-14 04:00:00+00:00,707.25,731.73,705.18,729.92,884000
2024-05-15 04:00:00+00:00,737.94,760.32,734.88,759.72,850300
2024-05-16 04:00:00+00:00,760.0,763.93,749.13,749.48,751200
2024-05-17 04:00:00+00:00,756.47,758.57,739.65,747.68,585900
2024-05-20 04:00:00+00:00,751.88,778.44,751.02,772.8,763600
2024-05-21 04:00:00+00:00,760.0,769.96,758.65,765.14,703600
2024-05-22 04:00:00+00:00,770.38,772.97,762.69,771.71,769500
2024-05-23 04:00:00+00:00,788.58,790.52,761.56,765.1,828900
2024-05-24 04:00:00+00:00,774.17,783.11,769.05,779.06,548400
2024-05-28 04:00:00+00:00,785.52,791.96,775.94,786.14,601100
2024-05-29 04:00:00+00:00,768.23,780.07,765.1,772.36,855000
2024-05-30 04:00:00+00:00,768.94,776.57,766.11,770.13,712100
2024-05-31 04:00:00+00:00,770.72,776.29,736.9,759.53,1684800
2024-06-03 04:00:00+00:00,771.48,771.64,735.56,754.15,515100
2024-06-04 04:00:00+00:00,750.48,756.3,740.22,750.56,474500
2024-06-05 04:00:00+00:00,770.39,787.54,762.1,784.97,943200
2024-06-06 04:00:00+00:00,780.33,787.32,772.21,779.26,722100
2024-06-07 04:00:00+00:00,787.5,787.91,763.97,768.97,736000
2024-06-10 04:00:00+00:00,761.1,795.98,761.1,794.38,649900
2024-06-11 04:00:00+00:00,793.32,798.66,781.92,798.16,590000
2024-06-12 04:00:00+00:00,806.88,831.54,804.44,827.81,807300
2024-06-13 04:00:00+00:00,816.02,832.99,815.07,830.03,546400
2024-06-14 04:00:00+00:00,815.0,826.54,815.0,824.84,474700
2024-06-17 04:00:00+00:00,826.41,851.68,820.95,848.88,737800
2024-06-18 04:00:00+00:00,849.0,876.55,846.99,863.31,878000
2024-06-20 04:00:00+00:00,863.37,864.19,826.55,829.59,1281900
2024-06-21 04:00:00+00:00,830.03,835.34,813.25,816.55,1919400
2024-06-24 04:00:00+00:00,813.77,815.51,792.37,793.98,894400
2024-06-25 04:00:00+00:00,800.87,820.24,791.42,818.04,934400
2024-06-26 04:00:00+00:00,814.38,826.9,799.25,813.3,712600
2024-06-27 04:00:00+00:00,819.47,826.45,806.79,814.87,510300
2024-06-28 04:00:00+00:00,826.44,841.41,818.4,824.51,849400
2024-07-01 04:00:00+00:00,823.19,828.94,807.83,827.79,480700
2024-07-02 04:00:00+00:00,819.4,839.97,818.0,839.11,536900
2024-07-03 04:00:00+00:00,839.94,859.66,835.92,853.33,440800
2024-07-05 04:00:00+00:00,855.34,859.07,847.07,855.21,461200
2024-07-08 04:00:00+00:00,857.12,869.06,854.55,866.55,438600
2024-07-09 04:00:00+00:00,872.6,879.89,863.19,874.9,409400
2024-07-10 04:00:00+00:00,877.85,894.77,870.5,892.35,664300
2024-07-11 04:00:00+00:00,896.32,896.32,852.16,852.95,875000
2024-07-12 04:00:00+00:00,853.85,879.54,845.0,857.72,655200
2024-07-15 04:00:00+00:00,858.52,876.85,853.58,858.12,637300
2024-07-16 04:00:00+00:00,861.31,868.8,851.04,867.18,627400
2024-07-17 04:00:00+00:00,817.25,829.08,779.49,781.75,1699600
2024-07-18 04:00:00+00:00,793.78,797.09,768.45,787.06,970900
2024-07-19 04:00:00+00:00,785.41,795.54,761.38,762.55,918800
2024-07-22 04:00:00+00:00,788.47,811.73,775.14,809.51,967800
2024-07-23 04:00:00+00:00,794.02,813.5,794.02,807.66,960700
2024-07-24 04:00:00+00:00,797.3,798.74,751.9,755.77,2430100
2024-07-25 04:00:00+00:00,767.54,791.79,749.38,762.81,1826900
2024-07-26 04:00:00+00:00,789.35,799.0,769.07,787.39,1047500
2024-07-29 04:00:00+00:00,793.26,810.48,777.42,778.54,627600
2024-07-30 04:00:00+00:00,787.99,799.45,754.35,758.89,1062900
2024-07-31 04:00:00+00:00,805.5,826.71,790.31,823.07,1793600
2024-08-01 04:00:00+00:00,821.24,822.54,747.05,756.14,2214200
2024-08-02 04:00:00+00:00,711.32,725.07,687.62,696.17,2071300
2024-08-05 04:00:00+00:00,649.84,720.17,648.0,703.48,1718900
2024-08-06 04:00:00+00:00,708.28,738.21,703.53,716.22,1203900
2024-08-07 04:00:00+00:00,740.63,748.54,694.77,697.72,903100
2024-08-08 04:00:00+00:00,719.58,754.0,707.0,752.29,1037500
2024-08-09 04:00:00+00:00,747.09,755.06,731.74,746.78,763500
2024-08-12 04:00:00+00:00,748.78,768.8,744.71,757.54,787400
2024-08-13 04:00:00+00:00,767.99,796.92,762.0,793.83,1158100
2024-08-14 04:00:00+00:00,804.92,813.63,781.66,793.89,630700
2024-08-15 04:00:00+00:00,811.5,839.85,804.04,836.19,1293400
2024-08-16 04:00:00+00:00,828.52,828.84,808.97,819.57,673400
2024-08-19 04:00:00+00:00,818.51,821.62,798.75,820.45,971600
2024-08-20 04:00:00+00:00,819.21,823.86,803.0,811.57,685400
2024-08-21 04:00:00+00:00,818.68,833.28,812.21,827.14,618500
2024-08-22 04:00:00+00:00,828.39,832.0,793.85,798.52,919900
2024-08-23 04:00:00+00:00,816.7,824.34,800.0,817.84,685800
2024-08-26 04:00:00+00:00,813.4,813.4,793.14,798.97,778500
2024-08-27 04:00:00+00:00,796.55,814.16,782.94,812.79,687100
2024-08-28 04:00:00+00:00,809.22,819.95,795.0,804.27,648900
2024-08-29 04:00:00+00:00,814.18,825.58,791.98,795.75,806500
2024-08-30 04:00:00+00:00,813.56,819.95,797.55,819.43,1079300
2024-09-03 04:00:00+00:00,805.59,807.08,737.17,741.43,1661200
2024-09-04 04:00:00+00:00,735.0,749.89,724.64,745.11,927200
2024-09-05 04:00:00+00:00,725.78,743.22,722.76,728.06,818300
2024-09-06 04:00:00+00:00,728.06,728.2,696.79,702.8,1390600
2024-09-09 04:00:00+00:00,715.03,717.51,696.57,709.89,839900
2024-09-10 04:00:00+00:00,709.89,717.0,696.42,713.46,778900
2024-09-11 04:00:00+00:00,715.28,751.61,703.9,748.82,1129100
2024-09-12 04:00:00+00:00,746.87,746.87,730.0,733.28,1070700
2024-09-13 04:00:00+00:00,741.37,754.59,740.91,751.5,586700
2024-09-16 04:00:00+00:00,735.0,742.99,726.15,736.4,863000
2024-09-17 04:00:00+00:00,749.34,750.92,733.45,739.6,855500
2024-09-18 04:00:00+00:00,749.55,752.15,729.79,731.04,817800
2024-09-19 04:00:00+00:00,759.32,782.21,755.19,772.43,1241100
2024-09-20 04:00:00+00:00,762.65,765.36,749.26,758.85,1622600
2024-09-23 04:00:00+00:00,766.28,770.39,758.55,761.27,438800
2024-09-24 04:00:00+00:00,772.0,775.69,752.2,770.34,821300
2024-09-25 04:00:00+00:00,762.9,782.0,759.69,772.06,575100
2024-09-26 04:00:00+00:00,813.44,822.0,780.0,804.55,908000
2024-09-27 04:00:00+00:00,807.96,808.46,777.9,782.4,627400
2024-09-30 04:00:00+00:00,773.08,781.26,761.29,774.41,932900
2024-10-01 04:00:00+00:00,778.47,786.91,746.16,753.69,1279600
2024-10-02 04:00:00+00:00,760.66,787.44,755.0,777.36,701800
2024-10-03 04:00:00+00:00,764.86,783.99,764.0,774.56,584200
2024-10-04 04:00:00+00:00,800.46,800.46,777.21,787.39,757300
2024-10-07 04:00:00+00:00,777.73,787.9,771.84,781.67,748100
2024-10-08 04:00:00+00:00,781.9,793.67,774.24,783.9,653400
2024-10-09 04:00:00+00:00,782.03,806.78,780.35,804.63,628500
2024-10-10 04:00:00+00:00,791.35,799.82,787.0,797.98,461900
2024-10-11 04:00:00+00:00,792.78,806.42,792.67,803.73,570800
2024-10-14 04:00:00+00:00,809.37,833.0,809.37,829.65,567900
2024-10-15 04:00:00+00:00,825.52,832.38,698.96,707.72,2870900
2024-10-16 04:00:00+00:00,720.57,720.76,682.01,682.59,2280600
2024-10-17 04:00:00+00:00,700.98,701.22,669.68,670.25,1936500
2024-10-18 04:00:00+00:00,667.93,681.9,664.32,678.52,1192800
2024-10-21 04:00:00+00:00,677.5,679.75,667.4,673.61,739300
2024-10-22 04:00:00+00:00,670.0,673.15,663.66,670.08,787400
2024-10-23 04:00:00+00:00,664.64,672.31,654.65,664.63,846800
2024-10-24 04:00:00+00:00,678.75,684.39,665.44,666.16,884700
2024-10-25 04:00:00+00:00,669.67,682.84,668.0,673.07,954800
2024-10-28 04:00:00+00:00,673.15,679.14,670.21,674.35,1051800
2024-10-29 04:00:00+00:00,675.0,700.4,673.77,696.23,1333900
2024-10-30 04:00:00+00:00,682.0,695.19,680.01,691.8,1656800
2024-10-31 04:00:00+00:00,677.65,681.05,656.0,666.23,2001200
2024-11-01 04:00:00+00:00,666.5,678.65,663.44,669.38,906400
2024-11-04 05:00:00+00:00,667.25,670.56,662.36,663.37,637900
2024-11-05 05:00:00+00:00,669.08,681.55,667.25,670.33,1016300
2024-11-06 05:00:00+00:00,675.0,678.64,657.48,669.66,1715400
2024-11-07 05:00:00+00:00,682.85,687.82,675.1,686.15,1122200
2024-11-08 05:00:00+00:00,689.61,694.36,681.38,687.41,1278100
2024-11-11 05:00:00+00:00,684.0,685.21,656.74,666.03,1422800
2024-11-12 05:00:00+00:00,663.01,669.26,654.86,664.78,1111300
2024-11-13 05:00:00+00:00,654.06,655.99,638.32,644.55,1505200
2024-11-14 05:00:00+00:00,660.0,660.0,642.74,645.0,1169900
2024-11-15 05:00:00+00:00,620.53,630.0,612.35,614.46,1712000
2024-11-18 05:00:00+00:00,614.23,623.77,611.77,620.26,1223300
2024-11-19 05:00:00+00:00,616.48,618.41,609.4,615.66,1408900
2024-11-20 05:00:00+00:00,616.49,619.95,609.89,616.83,1195100
2024-11-21 05:00:00+00:00,627.8,637.96,620.0,633.16,1386000
2024-11-22 05:00:00+00:00,630.0,643.03,630.0,639.55,981800
2024-11-25 05:00:00+00:00,646.69,646.69,632.11,644.67,1913000
2024-11-26 05:00:00+00:00,651.18,651.18,623.86,631.47,923200
2024-11-27 05:00:00+00:00,631.47,633.99,621.23,632.14,942600
2024-11-29 05:00:00+00:00,644.81,661.5,643.27,647.03,925700
2024-12-02 05:00:00+00:00,645.01,669.07,645.0,666.03,1380200
2024-12-03 05:00:00+00:00,661.13,667.18,656.82,665.72,1376500
2024-12-04 05:00:00+00:00,670.18,670.5,655.67,666.22,1459200
2024-12-05 05:00:00+00:00,660.38,662.92,641.39,642.61,1028200
2024-12-06 05:00:00+00:00,641.15,650.71,638.18,648.34,862400
2024-12-09 05:00:00+00:00,659.01,666.34,645.82,652.37,1093300
2024-12-10 05:00:00+00:00,657.83,657.83,638.47,641.87,914800
2024-12-11 05:00:00+00:00,646.97,657.12,642.08,648.84,1107400
2024-12-12 05:00:00+00:00,646.87,649.89,637.91,646.6,698200
2024-12-13 05:00:00+00:00,648.0,663.87,647.58,653.76,1463200
2024-12-16 05:00:00+00:00,649.68,664.53,645.42,656.13,1014300
2024-12-17 05:00:00+00:00,659.97,668.9,652.09,654.88,1252400
2024-12-18 05:00:00+00:00,658.66,669.1,625.61,630.77,1452100
2024-12-19 05:00:00+00:00,624.16,635.28,620.58,622.18,1115700
2024-12-20 05:00:00+00:00,616.43,641.05,613.4,629.37,2652200
2024-12-23 05:00:00+00:00,631.58,649.51,631.58,647.99,886400
2024-12-24 05:00:00+00:00,645.05,652.0,641.26,650.53,349500
2024-12-26 05:00:00+00:00,644.22,653.89,642.05,648.55,454100
2024-12-27 05:00:00+00:00,647.17,647.72,638.01,644.81,729500
2024-12-30 05:00:00+00:00,633.81,637.24,626.6,633.64,687800
2024-12-31 05:00:00+00:00,633.5,638.0,627.17,630.12,646200
2025-01-02 05:00:00+00:00,634.69,649.43,631.89,636.62,892200
2025-01-03 05:00:00+00:00,643.9,658.71,640.32,657.01,865100
2025-01-06 05:00:00+00:00,673.6,696.87,673.51,690.3,1676400
2025-01-07 05:00:00+00:00,694.78,705.87,683.26,689.3,1283400
2025-01-08 05:00:00+00:00,690.0,692.0,678.97,686.2,1093400
2025-01-10 05:00:00+00:00,683.9,694.57,671.65,683.06,1254500
2025-01-13 05:00:00+00:00,674.19,691.97,665.49,690.99,1318600
2025-01-14 05:00:00+00:00,692.99,701.39,686.56,701.26,1039000
2025-01-15 05:00:00+00:00,715.0,727.37,713.54,716.25,1368300
2025-01-16 05:00:00+00:00,735.0,779.07,733.58,747.26,2019600
2025-01-17 05:00:00+00:00,762.95,763.3,747.61,757.47,1402500
2025-01-21 05:00:00+00:00,762.3,778.43,751.23,767.24,1370000
2025-01-22 05:00:00+00:00,773.36,787.13,771.58,771.91,1200300
2025-01-23 05:00:00+00:00,753.27,761.87,741.29,760.95,821800
2025-01-24 05:00:00+00:00,765.05,765.79,743.15,749.82,745400
2025-01-27 05:00:00+00:00,716.6,724.95,685.2,702.71,2357800
2025-01-28 05:00:00+00:00,697.33,708.89,689.22,702.92,1387100
2025-01-29 05:00:00+00:00,721.08,721.88,707.78,712.97,729200
2025-01-30 05:00:00+00:00,731.28,746.11,722.0,742.43,1711000
2025-01-31 05:00:00+00:00,758.93,770.25,735.0,738.24,1631900
2025-02-03 05:00:00+00:00,727.39,753.0,726.37,740.21,1216800
2025-02-04 05:00:00+00:00,732.83,756.0,732.83,749.32,999900
2025-02-05 05:00:00+00:00,742.63,761.92,740.94,759.15,677100
2025-02-06 05:00:00+00:00,757.68,764.24,753.22,761.82,579400
2025-02-07 05:00:00+00:00,761.8,767.27,744.22,747.7,664500
2025-02-10 05:00:00+00:00,759.68,761.25,743.68,751.46,1564500
2025-02-11 05:00:00+00:00,754.55,761.96,749.16,758.62,591800
2025-02-12 05:00:00+00:00,742.53,754.67,738.54,750.55,476600
2025-02-13 05:00:00+00:00,751.03,765.0,750.08,764.28,711500
2025-02-14 05:00:00+00:00,760.17,769.52,739.02,750.74,998500
2025-02-18 05:00:00+00:00,758.04,760.21,737.94,758.25,1354000
2025-02-19 05:00:00+00:00,761.13,777.0,753.09,774.75,936700
2025-02-20 05:00:00+00:00,780.0,794.0,771.01,777.63,883600
2025-02-21 05:00:00+00:00,779.74,782.41,751.06,754.3,872400
2025-02-24 05:00:00+00:00,761.99,763.03,736.0,737.57,1110900
2025-02-25 05:00:00+00:00,736.29,736.29,721.47,724.97,1068300
2025-02-26 05:00:00+00:00,733.33,751.11,729.98,738.52,1247400
2025-02-27 05:00:00+00:00,743.05,750.0,698.64,699.16,1324900
2025-02-28 05:00:00+00:00,705.84,713.5,691.93,708.84,1242400
2025-03-03 05:00:00+00:00,714.53,728.11,686.36,691.15,1304600
2025-03-04 05:00:00+00:00,693.47,716.01,678.56,699.0,1182200
2025-03-05 05:00:00+00:00,701.11,717.24,689.63,715.81,915700
2025-03-06 05:00:00+00:00,697.27,711.66,683.98,692.13,1135400
2025-03-07 05:00:00+00:00,688.2,714.12,680.22,711.29,1088100
2025-03-10 04:00:00+00:00,693.82,697.22,670.58,678.36,1389200
2025-03-11 04:00:00+00:00,677.39,680.32,653.74,664.22,1058700
2025-03-12 04:00:00+00:00,676.04,686.75,671.82,680.39,884100
2025-03-13 04:00:00+00:00,676.62,694.0,668.66,681.5,930800
2025-03-14 04:00:00+00:00,689.97,713.74,689.97,713.0,1142600
2025-03-17 04:00:00+00:00,705.74,724.2,705.53,718.29,976200
2025-03-18 04:00:00+00:00,711.9,712.8,698.06,710.0,950700
2025-03-19 04:00:00+00:00,710.0,730.07,704.95,719.61,753300
2025-03-20 04:00:00+00:00,708.82,719.66,707.68,716.46,629400
2025-03-21 04:00:00+00:00,702.31,709.38,692.36,706.49,2454800
2025-03-24 04:00:00+00:00,722.71,735.14,716.4,727.73,730200
2025-03-25 04:00:00+00:00,724.62,727.17,718.73,721.85,498700
2025-03-26 04:00:00+00:00,721.49,724.17,698.81,705.54,734600
2025-03-27 04:00:00+00:00,700.35,707.13,692.0,700.0,735100
2025-03-28 04:00:00+00:00,685.37,694.17,667.18,673.6,989500
2025-03-31 04:00:00+00:00,672.99,681.14,655.42,679.8,1165400
2025-04-01 04:00:00+00:00,674.0,682.8,662.18,682.46,669400
2025-04-02 04:00:00+00:00,667.29,695.62,667.29,686.19,791100
2025-04-03 04:00:00+00:00,652.21,656.92,620.27,620.82,1525300
2025-04-04 04:00:00+00:00,592.54,600.0,559.76,576.53,2072800
2025-04-07 04:00:00+00:00,566.65,632.77,551.33,604.62,2996100
2025-04-08 04:00:00+00:00,626.0,644.26,586.81,599.51,2719800
2025-04-09 04:00:00+00:00,604.87,721.84,597.35,703.31,3447900
2025-04-10 04:00:00+00:00,664.9,680.69,628.49,656.76,2676100
2025-04-11 04:00:00+00:00,646.82,676.73,635.08,670.22,1361800
2025-04-14 04:00:00+00:00,681.5,684.3,659.45,669.97,987000
2025-04-15 04:00:00+00:00,669.42,682.11,665.0,676.21,790400
2025-04-16 04:00:00+00:00,638.25,659.05,619.31,642.19,2020800
2025-04-17 04:00:00+00:00,649.03,649.19,631.62,634.43,1224100
2025-04-21 04:00:00+00:00,623.43,627.21,607.7,620.8,1346100
2025-04-22 04:00:00+00:00,626.69,639.85,625.85,636.36,1372400
2025-04-23 04:00:00+00:00,664.24,672.7,652.88,657.11,945100
2025-04-24 04:00:00+00:00,674.11,690.57,664.2,689.42,1304000
2025-04-25 04:00:00+00:00,680.0,700.31,678.92,694.61,631600
2025-04-28 04:00:00+00:00,687.7,699.14,679.05,693.72,736000
2025-04-29 04:00:00+00:00,683.63,695.35,681.74,687.95,726100
2025-04-30 04:00:00+00:00,677.0,704.99,674.2,702.69,1172300
2025-05-01 04:00:00+00:00,689.2,693.04,674.76,676.31,1463500
2025-05-02 04:00:00+00:00,694.25,707.84,692.91,698.16,851800
2025-05-05 04:00:00+00:00,691.02,701.61,687.12,693.29,811900
2025-05-06 04:00:00+00:00,680.86,690.0,677.61,679.42,905400
2025-05-07 04:00:00+00:00,680.49,696.46,675.27,694.35,962800
2025-05-08 04:00:00+00:00,703.32,710.5,692.8,703.33,906900
2025-05-09 04:00:00+00:00,706.14,711.3,696.73,701.2,955000
2025-05-12 04:00:00+00:00,745.0,762.8,741.61,760.47,2110300
2025-05-13 04:00:00+00:00,760.0,798.02,755.65,795.9,1804800
2025-05-14 04:00:00+00:00,786.75,805.39,786.75,805.0,1171400
2025-05-15 04:00:00+00:00,797.27,810.61,795.57,806.0,1129800
2025-05-16 04:00:00+00:00,807.13,807.13,784.08,791.17,1132000
2025-05-19 04:00:00+00:00,780.69,789.57,775.02,787.01,1142000
2025-05-20 04:00:00+00:00,779.63,790.86,777.18,790.29,949200
2025-05-21 04:00:00+00:00,778.32,799.72,775.18,778.94,1236700
2025-05-22 04:00:00+00:00,766.46,781.76,762.0,767.51,682500
2025-05-23 04:00:00+00:00,747.75,761.1,744.87,757.17,941900
2025-05-27 04:00:00+00:00,774.71,792.18,768.6,789.06,1292500
2025-05-28 04:00:00+00:00,789.06,796.3,776.19,777.5,905700
2025-05-29 04:00:00+00:00,792.98,794.8,768.68,773.97,932300
2025-05-30 04:00:00+00:00,772.78,773.55,740.44,756.88,1717700
2025-06-02 04:00:00+00:00,752.4,764.65,751.96,762.44,864600
2025-06-03 04:00:00+00:00,762.05,779.59,756.34,775.79,943200
2025-06-04 04:00:00+00:00,781.62,786.93,773.6,782.09,839500
2025-06-05 04:00:00+00:00,788.41,796.51,777.42,791.89,1618900
2025-06-06 04:00:00+00:00,801.24,813.97,799.77,808.0,996300
2025-06-09 04:00:00+00:00,811.0,835.0,811.0,829.29,1529800
2025-06-10 04:00:00+00:00,829.29,857.16,826.76,856.59,1515500
2025-06-11 04:00:00+00:00,865.08,873.53,858.8,872.0,1650400
2025-06-12 04:00:00+00:00,866.5,879.16,866.5,875.0,1091700
2025-06-13 04:00:00+00:00,859.0,876.45,856.94,867.67,1832200
2025-06-16 04:00:00+00:00,876.0,893.31,875.62,892.38,1619400
2025-06-17 04:00:00+00:00,890.0,914.83,887.72,893.0,1334000
2025-06-18 04:00:00+00:00,894.89,898.15,867.31,871.16,1431500
2025-06-20 04:00:00+00:00,883.83,883.83,834.85,850.0,2347800
2025-06-23 04:00:00+00:00,852.92,859.62,841.18,856.28,1427700
2025-06-24 04:00:00+00:00,871.24,890.57,869.56,889.03,1145100
2025-06-25 04:00:00+00:00,895.01,902.94,887.74,893.46,772000
2025-06-26 04:00:00+00:00,897.47,907.26,893.3,902.94,864700
2025-06-27 04:00:00+00:00,905.0,907.95,884.64,889.87,1175500
2025-06-30 04:00:00+00:00,891.16,898.25,884.34,895.74,786700
2025-07-01 04:00:00+00:00,888.78,904.99,882.3,898.85,1079100
2025-07-02 04:00:00+00:00,888.21,921.95,885.06,921.1,1051000
2025-07-03 04:00:00+00:00,920.0,928.02,916.05,924.58,489400
2025-07-07 04:00:00+00:00,916.96,923.5,905.91,912.62,901200
2025-07-08 04:00:00+00:00,910.92,927.38,908.27,919.22,862500
2025-07-09 04:00:00+00:00,919.22,931.96,915.51,923.18,601000
2025-07-10 04:00:00+00:00,922.89,932.17,919.37,928.62,798200
2025-07-11 04:00:00+00:00,925.5,930.18,921.21,924.58,570500
2025-07-14 04:00:00+00:00,916.72,926.76,906.26,921.84,567800
2025-07-15 04:00:00+00:00,934.0,942.34,929.65,936.53,746200
2025-07-16 04:00:00+00:00,913.12,936.38,897.38,933.49,1226900
2025-07-17 04:00:00+00:00,924.01,942.97,910.0,937.08,1135300
2025-07-18 04:00:00+00:00,945.87,945.87,924.82,931.12,682000
2025-07-21 04:00:00+00:00,928.46,945.01,925.65,937.76,673700
2025-07-22 04:00:00+00:00,938.67,938.67,890.0,892.22,1619800
2025-07-23 04:00:00+00:00,899.39,900.0,879.81,897.09,1207500
2025-07-24 04:00:00+00:00,901.81,912.32,894.2,904.18,549700
2025-07-25 04:00:00+00:00,892.34,905.0,888.07,902.09,808000
2025-07-28 04:00:00+00:00,917.36,931.94,915.0,923.15,839900
2025-07-29 04:00:00+00:00,928.59,936.97,915.1,916.09,1027200
2025-07-30 04:00:00+00:00,922.65,927.82,913.38,924.99,1058200
2025-07-31 04:00:00+00:00,864.45,897.19,860.0,879.03,2284100
2025-08-01 04:00:00+00:00,856.2,894.16,855.28,886.64,1474600
2025-08-04 04:00:00+00:00,896.75,917.78,891.0,915.62,1064500
2025-08-05 04:00:00+00:00,917.0,921.99,875.96,883.41,1178300
2025-08-06 04:00:00+00:00,883.41,889.12,869.22,888.28,935000
2025-08-07 04:00:00+00:00,912.4,917.53,904.98,912.06,717200
2025-08-08 04:00:00+00:00,913.0,917.94,905.68,914.8,719500
2025-08-11 04:00:00+00:00,922.15,933.34,907.64,910.18,814000
2025-08-12 04:00:00+00:00,913.68,939.26,907.48,935.53,1027900
2025-08-13 04:00:00+00:00,940.0,952.35,937.55,949.48,900700
2025-08-14 04:00:00+00:00,941.66,959.26,934.92,955.41,1005300
2025-08-15 04:00:00+00:00,924.23,924.23,873.16,874.94,2064500
2025-08-18 04:00:00+00:00,873.04,883.76,870.43,883.39,853800
2025-08-19 04:00:00+00:00,883.39,889.25,874.13,876.08,986700
2025-08-20 04:00:00+00:00,878.53,880.23,860.21,878.44,978500
2025-08-21 04:00:00+00:00,876.44,881.29,866.62,872.39,730500
2025-08-22 04:00:00+00:00,872.39,893.83,869.23,870.28,946300
2025-08-25 04:00:00+00:00,870.27,886.75,866.02,879.55,469300
2025-08-26 04:00:00+00:00,881.27,892.88,881.27,888.1,812300
2025-08-27 04:00:00+00:00,885.89,890.63,879.99,888.89,528500
2025-08-28 04:00:00+00:00,893.01,897.0,885.0,894.0,964200
2025-08-29 04:00:00+00:00,881.5,885.0,864.81,872.0,954300
2025-09-02 04:00:00+00:00,845.84,852.85,836.73,846.35,1241600
2025-09-03 04:00:00+00:00,847.66,847.66,832.24,843.9,933600
2025-09-04 04:00:00+00:00,843.2,876.66,839.0,873.29,813400
2025-09-05 04:00:00+00:00,879.63,906.26,878.34,905.09,1155600
2025-09-08 04:00:00+00:00,910.0,924.35,906.74,908.98,886500
2025-09-09 04:00:00+00:00,910.75,922.75,910.23,917.73,677800
2025-09-10 04:00:00+00:00,921.86,935.23,914.9,932.63,712800
2025-09-11 04:00:00+00:00,940.0,963.89,937.48,959.28,1022100
2025-09-12 04:00:00+00:00,957.48,968.09,955.0,964.02,583900
2025-09-15 04:00:00+00:00,966.99,990.0,966.99,988.91,845600
2025-09-16 04:00:00+00:00,993.5,1002.04,975.06,990.57,776100
2025-09-17 04:00:00+00:00,990.38,1000.0,976.27,989.87,723900
2025-09-18 04:00:00+00:00,1030.83,1076.79,1025.79,1046.69,1824700
